{
  "type": "FeatureCollection",
  "generator": "overpass-turbo",
  "copyright": "The data included in this document is from www.openstreetmap.org. The data is made available under ODbL.",
  "timestamp": "2026-03-25T18:08:42Z",
  "features": [
    {
      "type": "Feature",
      "properties": {
        "@id": "node/1394941165",
        "addr:city": "ISTANBUL",
        "addr:housenumber": "19",
        "addr:street": "muvakkithane cad. Kadıköy",
        "amenity": "cafe",
        "name": "Baylan Pastanesi",
        "name:ar": "حلويات بايلان",
        "phone": "0216 346 6350",
        "website": "https://baylangida.com/",
        "wheelchair": "limited"
      },
      "geometry": {
        "type": "Point",
        "coordinates": [
          29.0237797,
          40.9903722
        ]
      },
      "id": "node/1394941165"
    },
    {
      "type": "Feature",
      "properties": {
        "@id": "node/1394975639",
        "addr:city": "İstanbul",
        "addr:housenumber": "14- 16",
        "addr:postcode": "34710",
        "addr:street": "muvakkithane cad. Kadıköy",
        "amenity": "cafe",
        "name": "Ali Muhiddin Hacı Bekir",
        "name:ar": "مقهى الحاج علي محي الدين",
        "name:zh": "阿里糖果铺",
        "phone": "0216 346 0620",
        "website": "http://www.hacibekir.com.tr/",
        "wheelchair": "limited"
      },
      "geometry": {
        "type": "Point",
        "coordinates": [
          29.0237155,
          40.9903002
        ]
      },
      "id": "node/1394975639"
    },
    {
      "type": "Feature",
      "properties": {
        "@id": "node/1757629731",
        "amenity": "cafe",
        "brand": "Mado",
        "brand:wikidata": "Q17116336",
        "brand:wikipedia": "en:Mado (food company)",
        "cuisine": "coffee_shop",
        "name": "Mado",
        "takeaway": "yes"
      },
      "geometry": {
        "type": "Point",
        "coordinates": [
          29.0395575,
          40.9836597
        ]
      },
      "id": "node/1757629731"
    },
    {
      "type": "Feature",
      "properties": {
        "@id": "node/1834383973",
        "air_conditioning": "no",
        "amenity": "cafe",
        "brand": "Mado",
        "brand:wikidata": "Q17116336",
        "brand:wikipedia": "en:Mado (food company)",
        "cuisine": "coffee_shop",
        "diet:vegetarian": "yes",
        "indoor_seating": "yes",
        "name": "Mado",
        "opening_hours": "Mo-Fr 09:00-23:00; Sa,Su 09:00-24:00",
        "outdoor_seating": "yes",
        "smoking": "outside",
        "takeaway": "yes"
      },
      "geometry": {
        "type": "Point",
        "coordinates": [
          29.0239803,
          40.9839912
        ]
      },
      "id": "node/1834383973"
    },
    {
      "type": "Feature",
      "properties": {
        "@id": "node/1915178434",
        "amenity": "cafe",
        "name": "uğur cafe caybahcesi"
      },
      "geometry": {
        "type": "Point",
        "coordinates": [
          29.0482829,
          40.9971177
        ]
      },
      "id": "node/1915178434"
    },
    {
      "type": "Feature",
      "properties": {
        "@id": "node/1920280837",
        "amenity": "cafe",
        "name": "Hasret Çayocağı"
      },
      "geometry": {
        "type": "Point",
        "coordinates": [
          29.0273657,
          40.9901587
        ]
      },
      "id": "node/1920280837"
    },
    {
      "type": "Feature",
      "properties": {
        "@id": "node/1921444709",
        "amenity": "cafe",
        "branch": "Koşuyolu",
        "brand": "Starbucks",
        "brand:wikidata": "Q37158",
        "cuisine": "coffee_shop",
        "internet_access": "wlan",
        "name": "Starbucks",
        "official_name": "Starbucks Coffee",
        "takeaway": "yes",
        "wheelchair": "limited"
      },
      "geometry": {
        "type": "Point",
        "coordinates": [
          29.0389765,
          41.0116374
        ]
      },
      "id": "node/1921444709"
    },
    {
      "type": "Feature",
      "properties": {
        "@id": "node/2277774144",
        "addr:city": "İstanbul",
        "addr:housename": "Necatibey Apartmanı",
        "addr:housenumber": "17/E",
        "addr:postcode": "34732",
        "addr:street": "Şair Arşi Caddesi",
        "amenity": "cafe",
        "cuisine": "turkish",
        "name": "Cafe Mod",
        "wheelchair": "no"
      },
      "geometry": {
        "type": "Point",
        "coordinates": [
          29.0720712,
          40.9839281
        ]
      },
      "id": "node/2277774144"
    },
    {
      "type": "Feature",
      "properties": {
        "@id": "node/2433366998",
        "amenity": "cafe",
        "brand": "Caffè Nero",
        "brand:wikidata": "Q675808",
        "brand:wikipedia": "en:Caffè Nero",
        "cuisine": "coffee_shop",
        "name": "Caffè Nero",
        "takeaway": "yes"
      },
      "geometry": {
        "type": "Point",
        "coordinates": [
          29.0238104,
          40.98077
        ]
      },
      "id": "node/2433366998"
    },
    {
      "type": "Feature",
      "properties": {
        "@id": "node/2433367013",
        "addr:city": "Istanbul",
        "addr:district": "Kadıköy",
        "addr:housenumber": "60",
        "addr:neighbourhood": "Caferağa Mahallesi",
        "addr:street": "General Asım Gündüz Caddesi",
        "amenity": "cafe",
        "check_date": "2024-11-01",
        "name": "Vitavien Bahariye",
        "phone": "+90 216 348 48 18",
        "website": "www.vitavien.com.tr"
      },
      "geometry": {
        "type": "Point",
        "coordinates": [
          29.0283594,
          40.9877422
        ]
      },
      "id": "node/2433367013"
    },
    {
      "type": "Feature",
      "properties": {
        "@id": "node/2433367014",
        "amenity": "cafe",
        "brand": "Starbucks",
        "brand:wikidata": "Q37158",
        "brand:wikipedia": "en:Starbucks",
        "cuisine": "coffee_shop",
        "internet_access:fee": "yes",
        "name": "Starbucks",
        "official_name": "Starbucks Coffee",
        "outdoor_seating": "yes",
        "takeaway": "yes"
      },
      "geometry": {
        "type": "Point",
        "coordinates": [
          29.0236037,
          40.9806145
        ]
      },
      "id": "node/2433367014"
    },
    {
      "type": "Feature",
      "properties": {
        "@id": "node/2433367015",
        "alt_name": "Starbucks Bahariye",
        "amenity": "cafe",
        "brand": "Starbucks",
        "brand:wikidata": "Q37158",
        "brand:wikipedia": "en:Starbucks",
        "check_date": "2023-11-22",
        "cuisine": "coffee_shop",
        "name": "Starbucks",
        "official_name": "Starbucks Coffee",
        "takeaway": "yes",
        "wheelchair": "no"
      },
      "geometry": {
        "type": "Point",
        "coordinates": [
          29.0286943,
          40.9892319
        ]
      },
      "id": "node/2433367015"
    },
    {
      "type": "Feature",
      "properties": {
        "@id": "node/2437539081",
        "amenity": "cafe",
        "brand": "Starbucks",
        "brand:wikidata": "Q37158",
        "brand:wikipedia": "en:Starbucks",
        "cuisine": "coffee_shop",
        "name": "Starbucks",
        "official_name": "Starbucks Coffee",
        "takeaway": "yes"
      },
      "geometry": {
        "type": "Point",
        "coordinates": [
          29.0485311,
          40.9737385
        ]
      },
      "id": "node/2437539081"
    },
    {
      "type": "Feature",
      "properties": {
        "@id": "node/2445188962",
        "amenity": "cafe",
        "brand": "Simit Sarayı",
        "brand:wikidata": "Q28042608",
        "check_date": "2023-11-23",
        "name": "Simit Sarayı",
        "shop": "bakery",
        "wheelchair": "limited"
      },
      "geometry": {
        "type": "Point",
        "coordinates": [
          29.0249414,
          40.9910149
        ]
      },
      "id": "node/2445188962"
    },
    {
      "type": "Feature",
      "properties": {
        "@id": "node/2445188964",
        "addr:floor": "0",
        "addr:housenumber": "1",
        "addr:street": "Muvakkıthane Caddesi",
        "amenity": "cafe",
        "brand": "Starbucks",
        "brand:wikidata": "Q37158",
        "brand:wikipedia": "en:Starbucks",
        "check_date": "2025-05-19",
        "contact:facebook": "StarbucksTurkiye",
        "contact:instagram": "starbucks_tr",
        "contact:tiktok": "starbucks_turkiye",
        "contact:twitter": "StarbucksTR",
        "contact:youtube": "StarbucksTr",
        "cuisine": "coffee_shop",
        "level": "0",
        "name": "Starbucks",
        "official_name": "Starbucks Coffee",
        "opening_hours": "Mo-Su 06:00-24:00",
        "operator": "Shaya Kahve",
        "operator:ref": "7690310116",
        "outdoor_seating": "yes",
        "payment:cash": "yes",
        "payment:credit_cards": "yes",
        "payment:debit_cards": "yes",
        "phone": "+90 850 9697717",
        "takeaway": "yes",
        "toilets": "yes",
        "website": "https://www.starbucks.com.tr/",
        "wheelchair": "limited"
      },
      "geometry": {
        "type": "Point",
        "coordinates": [
          29.0234634,
          40.9905422
        ]
      },
      "id": "node/2445188964"
    },
    {
      "type": "Feature",
      "properties": {
        "@id": "node/2449446062",
        "amenity": "cafe",
        "branch": "Kadıköy",
        "brand": "Mado",
        "brand:wikidata": "Q17116336",
        "brand:wikipedia": "en:Mado (food company)",
        "cuisine": "coffee_shop",
        "name": "Mado",
        "takeaway": "yes",
        "wheelchair": "no"
      },
      "geometry": {
        "type": "Point",
        "coordinates": [
          29.0250995,
          40.9936352
        ]
      },
      "id": "node/2449446062"
    },
    {
      "type": "Feature",
      "properties": {
        "@id": "node/2449446066",
        "amenity": "cafe",
        "name": "Kadıköy Saray Muhallebicisi"
      },
      "geometry": {
        "type": "Point",
        "coordinates": [
          29.0250697,
          40.9930844
        ]
      },
      "id": "node/2449446066"
    },
    {
      "type": "Feature",
      "properties": {
        "@id": "node/2449446067",
        "amenity": "cafe",
        "brand": "Simit Sarayı",
        "brand:wikidata": "Q28042608",
        "name": "Simit Sarayı",
        "shop": "bakery"
      },
      "geometry": {
        "type": "Point",
        "coordinates": [
          29.0250489,
          40.9929009
        ]
      },
      "id": "node/2449446067"
    },
    {
      "type": "Feature",
      "properties": {
        "@id": "node/2449858605",
        "addr:street": "Moda Caddesi",
        "amenity": "cafe",
        "name": "It's OK"
      },
      "geometry": {
        "type": "Point",
        "coordinates": [
          29.0234876,
          40.9807758
        ]
      },
      "id": "node/2449858605"
    },
    {
      "type": "Feature",
      "properties": {
        "@id": "node/2452245712",
        "amenity": "cafe",
        "outdoor_seating": "yes",
        "smoking": "outside"
      },
      "geometry": {
        "type": "Point",
        "coordinates": [
          29.038801,
          40.9793775
        ]
      },
      "id": "node/2452245712"
    },
    {
      "type": "Feature",
      "properties": {
        "@id": "node/2551319690",
        "amenity": "cafe",
        "name": "Altunizade Semt Konağı",
        "wheelchair": "no"
      },
      "geometry": {
        "type": "Point",
        "coordinates": [
          29.042679,
          41.0100092
        ]
      },
      "id": "node/2551319690"
    },
    {
      "type": "Feature",
      "properties": {
        "@id": "node/3053094704",
        "amenity": "cafe",
        "brand": "Starbucks",
        "brand:wikidata": "Q37158",
        "brand:wikipedia": "en:Starbucks",
        "cuisine": "coffee_shop",
        "name": "Starbucks",
        "official_name": "Starbucks Coffee",
        "takeaway": "yes",
        "website": "https://www.starbucks.co.uk/store-locator/31432-107165/ciftehavuzlar"
      },
      "geometry": {
        "type": "Point",
        "coordinates": [
          29.0570562,
          40.9732045
        ]
      },
      "id": "node/3053094704"
    },
    {
      "type": "Feature",
      "properties": {
        "@id": "node/4102690489",
        "addr:street": "Arayıcıbaşı Sokağı",
        "amenity": "cafe",
        "name": "Noche"
      },
      "geometry": {
        "type": "Point",
        "coordinates": [
          29.0271697,
          40.9887869
        ]
      },
      "id": "node/4102690489"
    },
    {
      "type": "Feature",
      "properties": {
        "@id": "node/4134621127",
        "addr:postcode": "34710",
        "addr:street": "Moda Caddesi",
        "amenity": "cafe",
        "branch": "Moda",
        "brand": "Kahve Dünyası",
        "brand:wikidata": "Q28008050",
        "cuisine": "coffee_shop",
        "internet_access": "wlan",
        "name": "Kahve Dünyası",
        "opening_hours": "Mo-Su 07:00-01:00",
        "phone": "+90 216 414 21 24",
        "takeaway": "yes",
        "website": "https://www.kahvedunyasi.com/"
      },
      "geometry": {
        "type": "Point",
        "coordinates": [
          29.0235367,
          40.9807155
        ]
      },
      "id": "node/4134621127"
    },
    {
      "type": "Feature",
      "properties": {
        "@id": "node/4281755191",
        "amenity": "cafe",
        "cuisine": "turkish",
        "diet:vegan": "yes",
        "diet:vegetarian": "yes",
        "internet_access": "wlan",
        "name": "Mahatma Vegan Cafe"
      },
      "geometry": {
        "type": "Point",
        "coordinates": [
          29.0289393,
          40.9970599
        ]
      },
      "id": "node/4281755191"
    },
    {
      "type": "Feature",
      "properties": {
        "@id": "node/4395626590",
        "addr:housenumber": "92",
        "addr:postcode": "34726",
        "addr:street": "Fener Kalamış Caddesi",
        "amenity": "cafe",
        "internet_access": "wlan",
        "name": "Klar Coffee",
        "name:tr": "Plethora of Coffee",
        "opening_hours": "Mo-Su 09:00-22:00",
        "website": "https://m.facebook.com/coffeeplethora"
      },
      "geometry": {
        "type": "Point",
        "coordinates": [
          29.0415591,
          40.9734953
        ]
      },
      "id": "node/4395626590"
    },
    {
      "type": "Feature",
      "properties": {
        "@id": "node/4427070192",
        "amenity": "cafe",
        "cuisine": "turkish;breakfast;cake",
        "internet_access": "wlan",
        "name": "Appetite Cafe",
        "opening_hours": "Mo-Su 07:00-00:00"
      },
      "geometry": {
        "type": "Point",
        "coordinates": [
          29.0458011,
          41.0012948
        ]
      },
      "id": "node/4427070192"
    },
    {
      "type": "Feature",
      "properties": {
        "@id": "node/4427092292",
        "addr:housenumber": "16",
        "addr:street": "Muvakkıthane Caddesi",
        "amenity": "cafe",
        "cuisine": "cake;coffee_shop",
        "internet_access": "wlan",
        "name": "Montag Coffee & Roasters",
        "name:tr": "Montag Coffee Roasters",
        "opening_hours": "Mo-Su 10:00-22:00"
      },
      "geometry": {
        "type": "Point",
        "coordinates": [
          29.0241829,
          40.9900691
        ]
      },
      "id": "node/4427092292"
    },
    {
      "type": "Feature",
      "properties": {
        "@id": "node/4436438489",
        "addr:street": "Sakız Sokak",
        "amenity": "cafe",
        "cuisine": "soba;regional;breakfast;crepe;coffee_shop;pasta;noodles;pancake;peruvian",
        "name": "26A",
        "name:en": "Collective 26A",
        "name:tr": "26A",
        "opening_hours": "Mo-Su 10:00-22:00"
      },
      "geometry": {
        "type": "Point",
        "coordinates": [
          29.0256629,
          40.9882013
        ]
      },
      "id": "node/4436438489"
    },
    {
      "type": "Feature",
      "properties": {
        "@id": "node/4460648891",
        "amenity": "cafe",
        "name": "Makerhane",
        "name:tr": "Makerhane"
      },
      "geometry": {
        "type": "Point",
        "coordinates": [
          29.0336763,
          41.0001165
        ]
      },
      "id": "node/4460648891"
    },
    {
      "type": "Feature",
      "properties": {
        "@id": "node/4494601089",
        "addr:housenumber": "83",
        "addr:street": "Uzun Hafız Sokağı",
        "addr:unit": "A",
        "amenity": "cafe",
        "contact:facebook": "https://www.facebook.com/komsuKafeCollective",
        "diet:vegetarian": "yes",
        "internet_access": "wlan",
        "name": "Komşu Kafe Collective",
        "name:en": "Komshu Cafe Collective",
        "name:ru": "Комшу вегетарианский ресторан",
        "opening_hours": "Mo-Su 08:00-00:00",
        "phone": "+90 216 4184679"
      },
      "geometry": {
        "type": "Point",
        "coordinates": [
          29.0285536,
          40.9952594
        ]
      },
      "id": "node/4494601089"
    },
    {
      "type": "Feature",
      "properties": {
        "@id": "node/4535163189",
        "amenity": "cafe",
        "check_date": "2023-11-20",
        "name": "Kurukahveci Yavuz Bey",
        "name:fa": "كاديكوي"
      },
      "geometry": {
        "type": "Point",
        "coordinates": [
          29.0246276,
          40.9903456
        ]
      },
      "id": "node/4535163189"
    },
    {
      "type": "Feature",
      "properties": {
        "@id": "node/4538731389",
        "addr:housenumber": "10",
        "addr:postcode": "34710",
        "addr:street": "Miralay Nazım Sokağı",
        "amenity": "cafe",
        "name": "Agapia mezze",
        "name:ar": "كافية Agapia"
      },
      "geometry": {
        "type": "Point",
        "coordinates": [
          29.0281676,
          40.9883476
        ]
      },
      "id": "node/4538731389"
    },
    {
      "type": "Feature",
      "properties": {
        "@id": "node/4556202916",
        "addr:housenumber": "20B",
        "addr:postcode": "34710",
        "addr:street": "Dr. Esat Işık Caddesi",
        "amenity": "cafe",
        "name": "Cuba Coffee",
        "name:ar": "مقهى crazy flakes cafe",
        "name:en": "Cuba Coffe"
      },
      "geometry": {
        "type": "Point",
        "coordinates": [
          29.0259697,
          40.9857575
        ]
      },
      "id": "node/4556202916"
    },
    {
      "type": "Feature",
      "properties": {
        "@id": "node/4571436233",
        "addr:city": "İstanbul",
        "addr:street": "Sırmaperde Sokağı",
        "amenity": "cafe",
        "cuisine": "sandwich",
        "name": "Değirmen Pastanesi"
      },
      "geometry": {
        "type": "Point",
        "coordinates": [
          29.0389254,
          41.0183073
        ]
      },
      "id": "node/4571436233"
    },
    {
      "type": "Feature",
      "properties": {
        "@id": "node/4571440612",
        "addr:city": "İstanbul",
        "addr:street": "Sırmaperde Sokak",
        "amenity": "cafe",
        "cuisine": "coffee",
        "name": "Kitaplı Kahve"
      },
      "geometry": {
        "type": "Point",
        "coordinates": [
          29.0397711,
          41.0179014
        ]
      },
      "id": "node/4571440612"
    },
    {
      "type": "Feature",
      "properties": {
        "@id": "node/4576885778",
        "addr:city": "İstanbul",
        "addr:street": "Koşuyolu Caddesi",
        "amenity": "cafe",
        "name": "Shine Cafe"
      },
      "geometry": {
        "type": "Point",
        "coordinates": [
          29.0383637,
          41.0114803
        ]
      },
      "id": "node/4576885778"
    },
    {
      "type": "Feature",
      "properties": {
        "@id": "node/4583759707",
        "amenity": "cafe",
        "name": "Çeşme Büfe"
      },
      "geometry": {
        "type": "Point",
        "coordinates": [
          29.0509786,
          40.9755775
        ]
      },
      "id": "node/4583759707"
    },
    {
      "type": "Feature",
      "properties": {
        "@id": "node/4583760443",
        "amenity": "cafe",
        "brand": "Mado",
        "brand:wikidata": "Q17116336",
        "brand:wikipedia": "en:Mado (food company)",
        "cuisine": "coffee_shop",
        "name": "Mado",
        "takeaway": "yes"
      },
      "geometry": {
        "type": "Point",
        "coordinates": [
          29.0519627,
          40.9757173
        ]
      },
      "id": "node/4583760443"
    },
    {
      "type": "Feature",
      "properties": {
        "@id": "node/4590032589",
        "amenity": "cafe",
        "name:ar": "مقهى Rumeli Çikolatacısı"
      },
      "geometry": {
        "type": "Point",
        "coordinates": [
          29.0526595,
          41.0111726
        ]
      },
      "id": "node/4590032589"
    },
    {
      "type": "Feature",
      "properties": {
        "@id": "node/4622733492",
        "amenity": "cafe",
        "name:ar": "مقهى Muzeyyen"
      },
      "geometry": {
        "type": "Point",
        "coordinates": [
          29.0395065,
          41.0113781
        ]
      },
      "id": "node/4622733492"
    },
    {
      "type": "Feature",
      "properties": {
        "@id": "node/4663153042",
        "addr:city": "İstanbul",
        "addr:district": "Kadıköy",
        "addr:housenumber": "49",
        "addr:neighbourhood": "Rasimpaşa",
        "addr:street": "İskele Sokağı",
        "amenity": "cafe",
        "check_date": "2023-10-07",
        "cuisine": "turkish",
        "internet_access": "wlan",
        "internet_access:fee": "no",
        "internet_access:ssid": "cafeeya",
        "name": "Cafe Eya",
        "opening_hours": "08:30-23:59",
        "outdoor_seating": "yes",
        "smoking": "outside",
        "website": "https://cafeeya.com"
      },
      "geometry": {
        "type": "Point",
        "coordinates": [
          29.0284349,
          40.9963973
        ]
      },
      "id": "node/4663153042"
    },
    {
      "type": "Feature",
      "properties": {
        "@id": "node/4730473705",
        "addr:neighbourhood": "Moda",
        "amenity": "cafe",
        "check_date": "2022-09-19",
        "cuisine": "coffee_shop",
        "internet_access": "yes",
        "internet_access:fee": "customers",
        "name": "FatCat",
        "name:tr": "FatCat",
        "opening_hours": "Mo-Fr 10:00-24:00; Sa-Su 09:00-24:00",
        "outdoor_seating": "yes",
        "payment:cash": "yes",
        "payment:mastercard": "yes",
        "payment:visa": "yes",
        "phone": "+90 530 083 39 82",
        "smoking": "outside",
        "source": "local knowledge",
        "takeaway": "yes",
        "website": "https://instagram.com/fatcatmoda/"
      },
      "geometry": {
        "type": "Point",
        "coordinates": [
          29.0238937,
          40.9808233
        ]
      },
      "id": "node/4730473705"
    },
    {
      "type": "Feature",
      "properties": {
        "@id": "node/4735042941",
        "addr:postcode": "34710",
        "amenity": "cafe",
        "check_date": "2023-11-24",
        "name": "Tuana Börek"
      },
      "geometry": {
        "type": "Point",
        "coordinates": [
          29.0278136,
          40.9854213
        ]
      },
      "id": "node/4735042941"
    },
    {
      "type": "Feature",
      "properties": {
        "@id": "node/4790244322",
        "air_conditioning": "no",
        "amenity": "cafe",
        "diet:vegan": "yes",
        "diet:vegetarian": "yes",
        "indoor_seating": "yes",
        "name": "Kulübe Moda",
        "name:tr": "Kulübe Moda",
        "opening_hours": "Mo-Su 09:00-22:00",
        "outdoor_seating": "yes",
        "smoking": "outside"
      },
      "geometry": {
        "type": "Point",
        "coordinates": [
          29.0303929,
          40.9862299
        ]
      },
      "id": "node/4790244322"
    },
    {
      "type": "Feature",
      "properties": {
        "@id": "node/4829992094",
        "amenity": "cafe",
        "name": "Melen bahçe"
      },
      "geometry": {
        "type": "Point",
        "coordinates": [
          29.0353752,
          40.9870577
        ]
      },
      "id": "node/4829992094"
    },
    {
      "type": "Feature",
      "properties": {
        "@id": "node/4831185173",
        "amenity": "cafe",
        "internet_access": "yes",
        "internet_access:fee": "customers",
        "name": "Arezu Moda",
        "opening_hours": "Tu-Fr 09:00-22:00; Sa 09:00-23:00; Su 09:00-22:00",
        "outdoor_seating": "yes",
        "website": "https://arezucafemoda.com"
      },
      "geometry": {
        "type": "Point",
        "coordinates": [
          29.0226386,
          40.9843247
        ]
      },
      "id": "node/4831185173"
    },
    {
      "type": "Feature",
      "properties": {
        "@id": "node/4864995845",
        "amenity": "cafe",
        "name": "Korcan Aile Çay Bahçesi"
      },
      "geometry": {
        "type": "Point",
        "coordinates": [
          29.0086615,
          41.0197489
        ]
      },
      "id": "node/4864995845"
    },
    {
      "type": "Feature",
      "properties": {
        "@id": "node/4879065221",
        "amenity": "cafe",
        "name": "KROPKA",
        "name:en": "Kropka"
      },
      "geometry": {
        "type": "Point",
        "coordinates": [
          29.0258741,
          40.987014
        ]
      },
      "id": "node/4879065221"
    },
    {
      "type": "Feature",
      "properties": {
        "@id": "node/4879526921",
        "amenity": "cafe",
        "name:en": "cafeMU"
      },
      "geometry": {
        "type": "Point",
        "coordinates": [
          29.0294652,
          40.9951963
        ]
      },
      "id": "node/4879526921"
    },
    {
      "type": "Feature",
      "properties": {
        "@id": "node/4889905025",
        "addr:street": "Karakolhane Caddesi",
        "amenity": "cafe",
        "cuisine": "regional;pasta;dessert;sandwich;coffee_shop",
        "diet:vegan": "yes",
        "diet:vegetarian": "yes",
        "internet_access": "wlan",
        "internet_access:fee": "no",
        "internet_access:ssid": "gardacafe",
        "name": "Garda Cafe",
        "name:en": "Garda Cafe",
        "name:tr": "Garda Kafe",
        "opening_hours": "Mo-Su 08:00-01:00",
        "outdoor_seating": "yes",
        "smoking": "outside"
      },
      "geometry": {
        "type": "Point",
        "coordinates": [
          29.0292728,
          40.9958376
        ]
      },
      "id": "node/4889905025"
    },
    {
      "type": "Feature",
      "properties": {
        "@id": "node/4889905037",
        "amenity": "cafe",
        "name": "Mila",
        "name:en": "Mila",
        "name:tr": "Mila"
      },
      "geometry": {
        "type": "Point",
        "coordinates": [
          29.0277566,
          40.9880639
        ]
      },
      "id": "node/4889905037"
    },
    {
      "type": "Feature",
      "properties": {
        "@id": "node/4889958226",
        "amenity": "cafe",
        "name": "Zapata",
        "name:en": "Zapata",
        "name:tr": "Zapata",
        "opening_hours": "Mo-Th, Su 12:00-22:00; Fr, Sa 12:00-23:00"
      },
      "geometry": {
        "type": "Point",
        "coordinates": [
          29.0262055,
          40.9878275
        ]
      },
      "id": "node/4889958226"
    },
    {
      "type": "Feature",
      "properties": {
        "@id": "node/4935176624",
        "amenity": "cafe",
        "cuisine": "ice_cream",
        "name": "Fatima Sadiye Toptani",
        "name:tr": "Fatima Sadiye Toptani",
        "outdoor_seating": "yes"
      },
      "geometry": {
        "type": "Point",
        "coordinates": [
          29.0423741,
          40.9836424
        ]
      },
      "id": "node/4935176624"
    },
    {
      "type": "Feature",
      "properties": {
        "@id": "node/4935176625",
        "amenity": "cafe",
        "cuisine": "turkish",
        "name": "Uğur",
        "name:tr": "Uğur"
      },
      "geometry": {
        "type": "Point",
        "coordinates": [
          29.0486826,
          40.9966355
        ]
      },
      "id": "node/4935176625"
    },
    {
      "type": "Feature",
      "properties": {
        "@id": "node/4935176626",
        "amenity": "cafe",
        "name": "Sakız Ağacı",
        "name:tr": "Sakiz Agaci"
      },
      "geometry": {
        "type": "Point",
        "coordinates": [
          29.0378784,
          40.998285
        ]
      },
      "id": "node/4935176626"
    },
    {
      "type": "Feature",
      "properties": {
        "@id": "node/4935205522",
        "amenity": "cafe",
        "cuisine": "turkish"
      },
      "geometry": {
        "type": "Point",
        "coordinates": [
          29.0483242,
          40.9969857
        ]
      },
      "id": "node/4935205522"
    },
    {
      "type": "Feature",
      "properties": {
        "@id": "node/4977947522",
        "addr:housenumber": "36",
        "addr:postcode": "34710",
        "addr:street": "Dr. Esat Işık Caddesi",
        "amenity": "cafe",
        "check_date": "2024-11-01",
        "check_date:opening_hours": "2024-11-01",
        "cuisine": "coffee_shop;breakfast;international",
        "diet:non-vegetarian": "yes",
        "diet:vegan": "yes",
        "diet:vegetarian": "yes",
        "drive_through": "no",
        "level": "0",
        "name": "180 Coffee & Bakery",
        "name:en": "180 Coffee & Bakery;180° Coffee Bakery",
        "name:tr": "180 Coffee & Bakery",
        "opening_hours": "Mo-Su 09:00-22:00",
        "outdoor_seating": "yes",
        "payment:cash": "yes",
        "payment:mastercard": "yes",
        "payment:visa": "yes",
        "smoking": "outside",
        "wheelchair": "no"
      },
      "geometry": {
        "type": "Point",
        "coordinates": [
          29.0267625,
          40.9847745
        ]
      },
      "id": "node/4977947522"
    },
    {
      "type": "Feature",
      "properties": {
        "@id": "node/5048023027",
        "amenity": "cafe",
        "internet_access": "wlan",
        "name": "Art here İstanbul",
        "name:en": "Art here Istanbul",
        "name:tr": "Art here Istanbul"
      },
      "geometry": {
        "type": "Point",
        "coordinates": [
          29.0298307,
          40.993549
        ]
      },
      "id": "node/5048023027"
    },
    {
      "type": "Feature",
      "properties": {
        "@id": "node/5052121134",
        "addr:street": "Ömer Paşa Caddesi",
        "amenity": "cafe",
        "cuisine": "burger",
        "name": "Burger X",
        "name:tr": "Burger X"
      },
      "geometry": {
        "type": "Point",
        "coordinates": [
          29.0740542,
          40.9798629
        ]
      },
      "id": "node/5052121134"
    },
    {
      "type": "Feature",
      "properties": {
        "@id": "node/5052121331",
        "addr:street": "Fahrettin Kerim Gökay Caddesi",
        "amenity": "cafe",
        "name": "Bağdat Kafe",
        "name:tr": "Yeşil Park"
      },
      "geometry": {
        "type": "Point",
        "coordinates": [
          29.0743084,
          40.9803318
        ]
      },
      "id": "node/5052121331"
    },
    {
      "type": "Feature",
      "properties": {
        "@id": "node/5241732622",
        "amenity": "cafe",
        "name": "Görgülü Kafe Pastane",
        "name:tr": "GÖRGÜLÜ PASTANESİ"
      },
      "geometry": {
        "type": "Point",
        "coordinates": [
          29.0387731,
          40.9991705
        ]
      },
      "id": "node/5241732622"
    },
    {
      "type": "Feature",
      "properties": {
        "@id": "node/5257977654",
        "addr:city": "istanbul",
        "addr:district": "kadıköy",
        "addr:housenumber": "10",
        "addr:neighbourhood": "Rasimpaşa Mahallesi",
        "addr:street": "Duatepe Sokağı",
        "amenity": "cafe",
        "cuisine": "turkish",
        "internet_access": "yes",
        "internet_access:fee": "no",
        "name": "Rucio Cafe",
        "opening_hours": "Mo-Su 09:00-21:00",
        "outdoor_seating": "yes",
        "phone": "+90 216 550 20 15",
        "smoking": "isolated"
      },
      "geometry": {
        "type": "Point",
        "coordinates": [
          29.0283851,
          40.9954412
        ]
      },
      "id": "node/5257977654"
    },
    {
      "type": "Feature",
      "properties": {
        "@id": "node/5263428035",
        "addr:city": "İstanbul",
        "addr:district": "Kadıköy",
        "addr:neighbourhood": "Merdivenköy Mahallesi",
        "addr:postcode": "34732",
        "addr:street": "Dr. Erkin Caddesi",
        "amenity": "cafe",
        "name": "Shoko",
        "website": "https://restaurantguru.com/Shoko-Istanbul"
      },
      "geometry": {
        "type": "Point",
        "coordinates": [
          29.0595048,
          40.985619
        ]
      },
      "id": "node/5263428035"
    },
    {
      "type": "Feature",
      "properties": {
        "@id": "node/5291563619",
        "amenity": "cafe",
        "name": "Emirgan Sütiş",
        "wheelchair": "limited"
      },
      "geometry": {
        "type": "Point",
        "coordinates": [
          29.0374164,
          41.0059217
        ]
      },
      "id": "node/5291563619"
    },
    {
      "type": "Feature",
      "properties": {
        "@id": "node/5291825696",
        "amenity": "cafe",
        "name": "TİTİZ PASTANESİ"
      },
      "geometry": {
        "type": "Point",
        "coordinates": [
          29.0326122,
          41.0053653
        ]
      },
      "id": "node/5291825696"
    },
    {
      "type": "Feature",
      "properties": {
        "@id": "node/5292083624",
        "amenity": "cafe",
        "name": "Polka"
      },
      "geometry": {
        "type": "Point",
        "coordinates": [
          29.024506,
          40.9874982
        ]
      },
      "id": "node/5292083624"
    },
    {
      "type": "Feature",
      "properties": {
        "@id": "node/5292100221",
        "addr:housenumber": "4",
        "addr:postcode": "34710",
        "addr:street": "Sivastopol Sokağı",
        "amenity": "cafe",
        "name": "kare",
        "name:en": "Fat bird"
      },
      "geometry": {
        "type": "Point",
        "coordinates": [
          29.0243555,
          40.9875049
        ]
      },
      "id": "node/5292100221"
    },
    {
      "type": "Feature",
      "properties": {
        "@id": "node/5315081056",
        "amenity": "cafe",
        "name": "WELLDONE"
      },
      "geometry": {
        "type": "Point",
        "coordinates": [
          29.0553854,
          41.0016263
        ]
      },
      "id": "node/5315081056"
    },
    {
      "type": "Feature",
      "properties": {
        "@id": "node/5315087627",
        "amenity": "cafe",
        "name": "Midpoint"
      },
      "geometry": {
        "type": "Point",
        "coordinates": [
          29.0543635,
          41.0008096
        ]
      },
      "id": "node/5315087627"
    },
    {
      "type": "Feature",
      "properties": {
        "@id": "node/5315088935",
        "amenity": "cafe",
        "name": "Happy Moons"
      },
      "geometry": {
        "type": "Point",
        "coordinates": [
          29.0543787,
          41.0010036
        ]
      },
      "id": "node/5315088935"
    },
    {
      "type": "Feature",
      "properties": {
        "@id": "node/5407099923",
        "amenity": "cafe",
        "name": "Lusnika"
      },
      "geometry": {
        "type": "Point",
        "coordinates": [
          29.0257161,
          40.9902366
        ]
      },
      "id": "node/5407099923"
    },
    {
      "type": "Feature",
      "properties": {
        "@id": "node/5450459392",
        "amenity": "cafe",
        "name": "Bayan Yanı Art Project"
      },
      "geometry": {
        "type": "Point",
        "coordinates": [
          29.0285635,
          40.9954685
        ]
      },
      "id": "node/5450459392"
    },
    {
      "type": "Feature",
      "properties": {
        "@id": "node/5450459394",
        "amenity": "cafe",
        "name": "Değirmen Cafe"
      },
      "geometry": {
        "type": "Point",
        "coordinates": [
          29.0290033,
          40.995506
        ]
      },
      "id": "node/5450459394"
    },
    {
      "type": "Feature",
      "properties": {
        "@id": "node/5450459395",
        "amenity": "cafe",
        "name": "Kalabalık"
      },
      "geometry": {
        "type": "Point",
        "coordinates": [
          29.0288062,
          40.9954938
        ]
      },
      "id": "node/5450459395"
    },
    {
      "type": "Feature",
      "properties": {
        "@id": "node/5450459398",
        "amenity": "cafe",
        "name": "Cafe Sista"
      },
      "geometry": {
        "type": "Point",
        "coordinates": [
          29.0287271,
          40.9956335
        ]
      },
      "id": "node/5450459398"
    },
    {
      "type": "Feature",
      "properties": {
        "@id": "node/5450459399",
        "amenity": "cafe",
        "name": "Shelter Kadıköy"
      },
      "geometry": {
        "type": "Point",
        "coordinates": [
          29.0285608,
          40.9956194
        ]
      },
      "id": "node/5450459399"
    },
    {
      "type": "Feature",
      "properties": {
        "@id": "node/5450459400",
        "amenity": "cafe",
        "name": "Semt Cafe"
      },
      "geometry": {
        "type": "Point",
        "coordinates": [
          29.0283168,
          40.9957115
        ]
      },
      "id": "node/5450459400"
    },
    {
      "type": "Feature",
      "properties": {
        "@id": "node/5450459405",
        "amenity": "cafe",
        "name": "Tech Cafe"
      },
      "geometry": {
        "type": "Point",
        "coordinates": [
          29.0279506,
          40.9952034
        ]
      },
      "id": "node/5450459405"
    },
    {
      "type": "Feature",
      "properties": {
        "@id": "node/5450459409",
        "amenity": "cafe",
        "name": "Benazio Coffee"
      },
      "geometry": {
        "type": "Point",
        "coordinates": [
          29.0294365,
          40.995341
        ]
      },
      "id": "node/5450459409"
    },
    {
      "type": "Feature",
      "properties": {
        "@id": "node/5450459413",
        "amenity": "cafe",
        "name": "No 39"
      },
      "geometry": {
        "type": "Point",
        "coordinates": [
          29.0296766,
          40.9957064
        ]
      },
      "id": "node/5450459413"
    },
    {
      "type": "Feature",
      "properties": {
        "@id": "node/5450459414",
        "amenity": "cafe",
        "name": "Bitro Coffee Shop Performance"
      },
      "geometry": {
        "type": "Point",
        "coordinates": [
          29.0298013,
          40.9957176
        ]
      },
      "id": "node/5450459414"
    },
    {
      "type": "Feature",
      "properties": {
        "@id": "node/5450459416",
        "amenity": "cafe",
        "name": "The Badau"
      },
      "geometry": {
        "type": "Point",
        "coordinates": [
          29.0300521,
          40.995753
        ]
      },
      "id": "node/5450459416"
    },
    {
      "type": "Feature",
      "properties": {
        "@id": "node/5486089021",
        "amenity": "cafe",
        "name": "Hayal"
      },
      "geometry": {
        "type": "Point",
        "coordinates": [
          29.0188958,
          40.9909714
        ]
      },
      "id": "node/5486089021"
    },
    {
      "type": "Feature",
      "properties": {
        "@id": "node/5561690621",
        "amenity": "cafe",
        "name": "Caj"
      },
      "geometry": {
        "type": "Point",
        "coordinates": [
          29.0262132,
          40.9803497
        ]
      },
      "id": "node/5561690621"
    },
    {
      "type": "Feature",
      "properties": {
        "@id": "node/5570545285",
        "amenity": "cafe",
        "name": "Helva"
      },
      "geometry": {
        "type": "Point",
        "coordinates": [
          29.0305033,
          40.9952889
        ]
      },
      "id": "node/5570545285"
    },
    {
      "type": "Feature",
      "properties": {
        "@id": "node/5570545287",
        "addr:street": "Uzun Hafız Sokağı",
        "amenity": "cafe",
        "name": "Nayn"
      },
      "geometry": {
        "type": "Point",
        "coordinates": [
          29.0298784,
          40.9953749
        ]
      },
      "id": "node/5570545287"
    },
    {
      "type": "Feature",
      "properties": {
        "@id": "node/5582550059",
        "addr:city": "Istanbul",
        "addr:district": "Kadikoy",
        "addr:housenumber": "2",
        "addr:neighbourhood": "Fenerbahce",
        "addr:postcode": "34726",
        "addr:street": "Dr. Faruk Ayanoğlu Caddesi",
        "amenity": "cafe",
        "brand": "Kahve Dünyası",
        "brand:wikidata": "Q28008050",
        "cuisine": "coffee_shop",
        "internet_access": "wlan",
        "internet_access:fee": "no",
        "name": "Kahve Dünyası",
        "outdoor_seating": "yes",
        "smoking": "outside",
        "takeaway": "yes"
      },
      "geometry": {
        "type": "Point",
        "coordinates": [
          29.045733,
          40.9743016
        ]
      },
      "id": "node/5582550059"
    },
    {
      "type": "Feature",
      "properties": {
        "@id": "node/5586398059",
        "amenity": "cafe",
        "check_date": "2025-02-24",
        "check_date:opening_hours": "2025-02-24",
        "check_date:smoking": "2025-02-24",
        "name": "Kadıköy",
        "opening_hours": "Mo-Su,PH 10:00-21:00",
        "smoking": "outside"
      },
      "geometry": {
        "type": "Point",
        "coordinates": [
          29.0227174,
          40.9929666
        ]
      },
      "id": "node/5586398059"
    },
    {
      "type": "Feature",
      "properties": {
        "@id": "node/5587126985",
        "addr:city": "Istanbul",
        "addr:district": "Kadıköy",
        "addr:housenumber": "9",
        "addr:neighbourhood": "Caferaga Mah.",
        "addr:postcode": "34710",
        "addr:street": "Dr. İhsan Ünlüer Sokak",
        "amenity": "cafe",
        "name": "Bonobo",
        "outdoor_seating": "yes",
        "smoking": "outside"
      },
      "geometry": {
        "type": "Point",
        "coordinates": [
          29.0270463,
          40.9862106
        ]
      },
      "id": "node/5587126985"
    },
    {
      "type": "Feature",
      "properties": {
        "@id": "node/5607713522",
        "amenity": "cafe",
        "name": "Meyve Dünyası",
        "name:de": "saftladen",
        "name:en": "fruitjuicebar",
        "toilets:wheelchair": "no",
        "wheelchair": "limited"
      },
      "geometry": {
        "type": "Point",
        "coordinates": [
          29.0250906,
          40.993781
        ]
      },
      "id": "node/5607713522"
    },
    {
      "type": "Feature",
      "properties": {
        "@id": "node/5688805531",
        "addr:housenumber": "40",
        "addr:postcode": "34710",
        "addr:street": "Güneşli Bahçe Sokak",
        "amenity": "cafe",
        "cuisine": "coffee_shop",
        "name": "Coffee Manifesto",
        "name:en": "Coffee Manifesto",
        "opening_hours": "Su-Th 08:00-21:00; Fr-Sa 08:00-22:00",
        "phone": "+902165500036",
        "website": "http://www.coffeemanifesto.com"
      },
      "geometry": {
        "type": "Point",
        "coordinates": [
          29.0241696,
          40.9892006
        ]
      },
      "id": "node/5688805531"
    },
    {
      "type": "Feature",
      "properties": {
        "@id": "node/5688825824",
        "addr:postcode": "34710",
        "addr:street": "Moda Caddesi",
        "amenity": "cafe",
        "cuisine": "coffee_shop",
        "fixme": "Possibly closed already",
        "name": "Rafine Espresso Bar",
        "opening_hours": "Mo-Su 09:00-21:00",
        "phone": "+905350354635",
        "website": "https://www.rafineespressobar.com/"
      },
      "geometry": {
        "type": "Point",
        "coordinates": [
          29.0257598,
          40.9864565
        ]
      },
      "id": "node/5688825824"
    },
    {
      "type": "Feature",
      "properties": {
        "@id": "node/5764070654",
        "amenity": "cafe",
        "check_date": "2023-11-28",
        "name": "Çekirdek Coffee"
      },
      "geometry": {
        "type": "Point",
        "coordinates": [
          29.0278311,
          40.9845415
        ]
      },
      "id": "node/5764070654"
    },
    {
      "type": "Feature",
      "properties": {
        "@id": "node/5780443056",
        "addr:city": "İstanbul",
        "air_conditioning": "yes",
        "alt_name": "Dem Moda",
        "amenity": "cafe",
        "drive_through": "no",
        "internet_access": "wlan",
        "internet_access:fee": "no",
        "internet_access:ssid": "cayvaricersen",
        "name": "Dem",
        "smoking": "outside",
        "toilets": "yes"
      },
      "geometry": {
        "type": "Point",
        "coordinates": [
          29.0266053,
          40.9838368
        ]
      },
      "id": "node/5780443056"
    },
    {
      "type": "Feature",
      "properties": {
        "@id": "node/5793793954",
        "addr:street": "Üsküdar Harem Sahil Yolu",
        "amenity": "cafe",
        "name": "Yakamoz"
      },
      "geometry": {
        "type": "Point",
        "coordinates": [
          29.0090079,
          41.0187678
        ]
      },
      "id": "node/5793793954"
    },
    {
      "type": "Feature",
      "properties": {
        "@id": "node/5805037480",
        "addr:city": "istanbul",
        "addr:district": "Kadıköy",
        "addr:housenumber": "226",
        "addr:neighbourhood": "Caddebostan Mahallesi",
        "addr:postcode": "34728",
        "addr:street": "Bağdat Caddesi",
        "amenity": "cafe",
        "brand": "Caffè Nero",
        "brand:wikidata": "Q675808",
        "brand:wikipedia": "en:Caffè Nero",
        "cuisine": "coffee_shop",
        "name": "Caffè Nero",
        "opening_hours": "06:30 - 24:00",
        "outdoor_seating": "yes",
        "takeaway": "yes",
        "website": "https://caffenero.com/tr/tr/store/%C3%A7iftehavuzlar-902071/"
      },
      "geometry": {
        "type": "Point",
        "coordinates": [
          29.056105,
          40.9732686
        ]
      },
      "id": "node/5805037480"
    },
    {
      "type": "Feature",
      "properties": {
        "@id": "node/5893540585",
        "addr:housenumber": "42b",
        "addr:street": "Hasırcıbaşı Caddesi",
        "amenity": "cafe",
        "name:en": "Strain Coffee"
      },
      "geometry": {
        "type": "Point",
        "coordinates": [
          29.0311101,
          40.9868819
        ]
      },
      "id": "node/5893540585"
    },
    {
      "type": "Feature",
      "properties": {
        "@id": "node/5895957485",
        "addr:floor": "0",
        "amenity": "cafe",
        "check_date": "2025-05-19",
        "level": "0",
        "name": "Caffè|Mood",
        "name:de": "Basar von Kadiköy",
        "payment:cash": "yes",
        "payment:credit_cards": "yes",
        "payment:debit_cards": "yes"
      },
      "geometry": {
        "type": "Point",
        "coordinates": [
          29.0237313,
          40.9909659
        ]
      },
      "id": "node/5895957485"
    },
    {
      "type": "Feature",
      "properties": {
        "@id": "node/5908008786",
        "amenity": "cafe",
        "name": "Hane Atölye",
        "name:en": "Hane Atölye"
      },
      "geometry": {
        "type": "Point",
        "coordinates": [
          29.0262808,
          40.9847199
        ]
      },
      "id": "node/5908008786"
    },
    {
      "type": "Feature",
      "properties": {
        "@id": "node/5908009085",
        "addr:housenumber": "30",
        "addr:street": "Prf. Dr. Orhan Ersek Sk.",
        "amenity": "cafe",
        "name:en": "Date Patisserie"
      },
      "geometry": {
        "type": "Point",
        "coordinates": [
          29.0120594,
          41.0052354
        ]
      },
      "id": "node/5908009085"
    },
    {
      "type": "Feature",
      "properties": {
        "@id": "node/5908100690",
        "addr:postcode": "34710",
        "addr:street": "Moda Caddesi",
        "amenity": "cafe",
        "name": "Munchies",
        "name:en": "Munchies Crepes & Pancakes"
      },
      "geometry": {
        "type": "Point",
        "coordinates": [
          29.0233428,
          40.9819419
        ]
      },
      "id": "node/5908100690"
    },
    {
      "type": "Feature",
      "properties": {
        "@id": "node/5936303986",
        "addr:housenumber": "8b",
        "addr:street": "Çimenzar Sokak",
        "amenity": "cafe",
        "name:en": "Nu Snacks"
      },
      "geometry": {
        "type": "Point",
        "coordinates": [
          29.0620777,
          40.9798522
        ]
      },
      "id": "node/5936303986"
    },
    {
      "type": "Feature",
      "properties": {
        "@id": "node/5963654126",
        "addr:housenumber": "4a",
        "addr:street": "İhlas Sokak",
        "amenity": "cafe",
        "name": "Boden",
        "name:tr": "Bonkis"
      },
      "geometry": {
        "type": "Point",
        "coordinates": [
          29.0316714,
          40.9872198
        ]
      },
      "id": "node/5963654126"
    },
    {
      "type": "Feature",
      "properties": {
        "@id": "node/5963654142",
        "addr:housenumber": "17a",
        "addr:street": "Bademaltı Sokak",
        "amenity": "cafe",
        "name": "Böcek Cafe"
      },
      "geometry": {
        "type": "Point",
        "coordinates": [
          29.0258706,
          40.9848403
        ]
      },
      "id": "node/5963654142"
    },
    {
      "type": "Feature",
      "properties": {
        "@id": "node/5963654143",
        "addr:housenumber": "26",
        "addr:street": "Kadife Sokak",
        "amenity": "cafe",
        "name": "Bina",
        "name:tr": "Bina",
        "opening_hours": "Mo-Su 10:00-02:00",
        "wheelchair": "no"
      },
      "geometry": {
        "type": "Point",
        "coordinates": [
          29.0264678,
          40.9864224
        ]
      },
      "id": "node/5963654143"
    },
    {
      "type": "Feature",
      "properties": {
        "@id": "node/5963654210",
        "addr:housenumber": "54/1",
        "addr:street": "Recaizade Sokak",
        "amenity": "cafe",
        "name": "village",
        "name:en": "Village Coffee & Books",
        "opening_hours": "Mo-Su 09:00-23:00"
      },
      "geometry": {
        "type": "Point",
        "coordinates": [
          29.0289884,
          40.9940187
        ]
      },
      "id": "node/5963654210"
    },
    {
      "type": "Feature",
      "properties": {
        "@id": "node/5963671386",
        "addr:housenumber": "2e",
        "addr:street": "Nihal Sokağı",
        "amenity": "cafe",
        "name": "Küff",
        "name:tr": "Küff"
      },
      "geometry": {
        "type": "Point",
        "coordinates": [
          29.0298229,
          40.989323
        ]
      },
      "id": "node/5963671386"
    },
    {
      "type": "Feature",
      "properties": {
        "@id": "node/5963672403",
        "addr:city": "İstanbul",
        "addr:district": "Kadıköy",
        "addr:housenumber": "30",
        "addr:neighbourhood": "Caferağa Mahallesi",
        "addr:postcode": "34710",
        "addr:street": "Ressam Şeref Akdik Sokak",
        "amenity": "cafe",
        "name": "Pechko Moda",
        "website": "> https://restaurantguru.com/Pechko-Moda-Istanbulhttps://restaurantguru.com/Pechko-Moda-Istanbul"
      },
      "geometry": {
        "type": "Point",
        "coordinates": [
          29.0262967,
          40.9852273
        ]
      },
      "id": "node/5963672403"
    },
    {
      "type": "Feature",
      "properties": {
        "@id": "node/5963683193",
        "addr:housenumber": "4",
        "addr:street": "Duatepe Sokağı",
        "addr:unit": "D",
        "amenity": "cafe",
        "name": "bop! Breakfast of Pan",
        "name:tr": "bop! Breakfast of Pan",
        "opening_hours": "Mo-Tu 09:00-18:00; Th-Su 09:00-18:00"
      },
      "geometry": {
        "type": "Point",
        "coordinates": [
          29.0279897,
          40.9954383
        ]
      },
      "id": "node/5963683193"
    },
    {
      "type": "Feature",
      "properties": {
        "@id": "node/5963740918",
        "addr:housenumber": "21/b",
        "addr:postcode": "34710",
        "addr:street": "Bademaltı Sokak",
        "amenity": "cafe",
        "name": "Walter's Coffee Roastery",
        "name:en": "Walter's Coffee Roastery",
        "phone": "+905322009892"
      },
      "geometry": {
        "type": "Point",
        "coordinates": [
          29.0260568,
          40.9847703
        ]
      },
      "id": "node/5963740918"
    },
    {
      "type": "Feature",
      "properties": {
        "@id": "node/6069330982",
        "addr:street": "Burhan Felek Caddesi",
        "amenity": "cafe",
        "name": "Şahane Cafe & Restaurant"
      },
      "geometry": {
        "type": "Point",
        "coordinates": [
          29.0205607,
          41.0031478
        ]
      },
      "id": "node/6069330982"
    },
    {
      "type": "Feature",
      "properties": {
        "@id": "node/6090898095",
        "addr:postcode": "34718",
        "addr:street": "Mehmet Akman Sokağı",
        "amenity": "cafe",
        "brand": "Kahve Dünyası",
        "brand:wikidata": "Q28008050",
        "cuisine": "coffee_shop",
        "name": "Kahve Dünyası",
        "takeaway": "yes",
        "website": "https://www.kahvedunyasi.com/",
        "wheelchair": "no"
      },
      "geometry": {
        "type": "Point",
        "coordinates": [
          29.0414879,
          41.0096151
        ]
      },
      "id": "node/6090898095"
    },
    {
      "type": "Feature",
      "properties": {
        "@id": "node/6124757286",
        "addr:housenumber": "22",
        "addr:street": "Dalga Sokağı",
        "amenity": "cafe",
        "internet_access": "wlan",
        "name": "Story Coffee & Food"
      },
      "geometry": {
        "type": "Point",
        "coordinates": [
          29.0257395,
          40.9853495
        ]
      },
      "id": "node/6124757286"
    },
    {
      "type": "Feature",
      "properties": {
        "@id": "node/6130132885",
        "amenity": "cafe",
        "cuisine": "coffee_shop",
        "internet_access": "wlan",
        "name": "Goslow"
      },
      "geometry": {
        "type": "Point",
        "coordinates": [
          29.0266676,
          40.984868
        ]
      },
      "id": "node/6130132885"
    },
    {
      "type": "Feature",
      "properties": {
        "@id": "node/6161461185",
        "amenity": "cafe",
        "name": "Vogs Coffee"
      },
      "geometry": {
        "type": "Point",
        "coordinates": [
          29.028988,
          40.9893237
        ]
      },
      "id": "node/6161461185"
    },
    {
      "type": "Feature",
      "properties": {
        "@id": "node/6172085268",
        "amenity": "cafe",
        "name": "Altınelek"
      },
      "geometry": {
        "type": "Point",
        "coordinates": [
          29.0774982,
          41.0012012
        ]
      },
      "id": "node/6172085268"
    },
    {
      "type": "Feature",
      "properties": {
        "@id": "node/6190458958",
        "addr:city": "İSTANBUL",
        "addr:district": "KADIKÖY",
        "addr:neighbourhood": "koşuyolu mahallesi",
        "addr:street": "Asmadalı Sokak",
        "amenity": "cafe",
        "internet_access": "yes",
        "internet_access:fee": "no",
        "name": "Koşuyolu Nakla Cafe",
        "outdoor_seating": "yes"
      },
      "geometry": {
        "type": "Point",
        "coordinates": [
          29.0364748,
          41.0065355
        ]
      },
      "id": "node/6190458958"
    },
    {
      "type": "Feature",
      "properties": {
        "@id": "node/6190458959",
        "addr:city": "İSTANBUL",
        "addr:district": "KADIKÖY",
        "addr:neighbourhood": "koşuyolu mahallesi",
        "addr:street": "Salih Omurtak Sokak",
        "amenity": "cafe",
        "internet_access": "yes",
        "internet_access:fee": "no",
        "name": "Sherbet lounge",
        "outdoor_seating": "yes"
      },
      "geometry": {
        "type": "Point",
        "coordinates": [
          29.0364676,
          41.0067176
        ]
      },
      "id": "node/6190458959"
    },
    {
      "type": "Feature",
      "properties": {
        "@id": "node/6191902263",
        "addr:city": "İstanbul",
        "addr:district": "kadıköy",
        "addr:neighbourhood": "koşuyolu",
        "addr:street": "Muhittin Üstündağ Caddesi",
        "amenity": "cafe",
        "brand": "Starbucks",
        "brand:wikidata": "Q37158",
        "brand:wikipedia": "en:Starbucks",
        "cuisine": "coffee_shop",
        "internet_access": "yes",
        "internet_access:fee": "no",
        "name": "Starbucks",
        "official_name": "Starbucks Coffee",
        "outdoor_seating": "yes",
        "smoking": "outside",
        "takeaway": "yes",
        "wheelchair": "no"
      },
      "geometry": {
        "type": "Point",
        "coordinates": [
          29.0404456,
          41.0095219
        ]
      },
      "id": "node/6191902263"
    },
    {
      "type": "Feature",
      "properties": {
        "@id": "node/6239476955",
        "amenity": "cafe",
        "name": "Valide Cafe"
      },
      "geometry": {
        "type": "Point",
        "coordinates": [
          29.0405061,
          41.012856
        ]
      },
      "id": "node/6239476955"
    },
    {
      "type": "Feature",
      "properties": {
        "@id": "node/6249826188",
        "addr:housenumber": "27",
        "addr:street": "Rıza Paşa Sokak",
        "amenity": "cafe",
        "name": "Fika Moda Cafe"
      },
      "geometry": {
        "type": "Point",
        "coordinates": [
          29.0220332,
          40.985006
        ]
      },
      "id": "node/6249826188"
    },
    {
      "type": "Feature",
      "properties": {
        "@id": "node/6249863885",
        "addr:housenumber": "61",
        "addr:street": "Moda Caddesi",
        "amenity": "cafe",
        "name": "Gurmania",
        "name:tr": "Gurmania"
      },
      "geometry": {
        "type": "Point",
        "coordinates": [
          29.0258159,
          40.9868399
        ]
      },
      "id": "node/6249863885"
    },
    {
      "type": "Feature",
      "properties": {
        "@id": "node/6328095685",
        "addr:housenumber": "60",
        "addr:street": "Sarayardı Caddesi",
        "amenity": "cafe",
        "name": "Elazigli Cigkofteci Ahmet",
        "name:tr": "Elazigli Cigkofteci Ahmet Usta",
        "opening_hours": "Mo-Su 11:00-23:00"
      },
      "geometry": {
        "type": "Point",
        "coordinates": [
          29.0356285,
          40.9965223
        ]
      },
      "id": "node/6328095685"
    },
    {
      "type": "Feature",
      "properties": {
        "@id": "node/6383033800",
        "amenity": "cafe",
        "cuisine": "coffee_shop",
        "name": "Urban Roastery",
        "opening_hours": "Mo-Su 10:00-21:00",
        "phone": "+905332163091"
      },
      "geometry": {
        "type": "Point",
        "coordinates": [
          29.0294789,
          40.9853214
        ]
      },
      "id": "node/6383033800"
    },
    {
      "type": "Feature",
      "properties": {
        "@id": "node/6383807264",
        "addr:city": "ISTANBUL",
        "addr:district": "Kadıköy",
        "addr:housenumber": "13B",
        "addr:neighbourhood": "Caferağa Mahallesi",
        "addr:postcode": "34710",
        "addr:street": "Albay Fak Sözdener Caddesi",
        "amenity": "cafe",
        "cuisine": "pizza;coffee_shop;burger",
        "internet_access": "yes",
        "internet_access:fee": "no",
        "name": "Mizah Kafe",
        "phone": "+90 532 331 61 88",
        "website": "https://www.mizahkafe.com/"
      },
      "geometry": {
        "type": "Point",
        "coordinates": [
          29.0222948,
          40.989783
        ]
      },
      "id": "node/6383807264"
    },
    {
      "type": "Feature",
      "properties": {
        "@id": "node/6383818344",
        "amenity": "cafe",
        "brand": "Tchibo",
        "brand:wikidata": "Q564213",
        "brand:wikipedia": "de:Tchibo",
        "name": "Tchibo",
        "shop": "coffee"
      },
      "geometry": {
        "type": "Point",
        "coordinates": [
          29.0239924,
          40.990173
        ]
      },
      "id": "node/6383818344"
    },
    {
      "type": "Feature",
      "properties": {
        "@id": "node/6383818347",
        "amenity": "cafe",
        "fixme": "Is it really there",
        "name": "Bodrum Mantı & Cafe"
      },
      "geometry": {
        "type": "Point",
        "coordinates": [
          29.0235182,
          40.990269
        ]
      },
      "id": "node/6383818347"
    },
    {
      "type": "Feature",
      "properties": {
        "@id": "node/6383871954",
        "amenity": "cafe",
        "check_date": "2023-10-08",
        "name": "Ahali Kahvesi"
      },
      "geometry": {
        "type": "Point",
        "coordinates": [
          29.0298494,
          40.9891368
        ]
      },
      "id": "node/6383871954"
    },
    {
      "type": "Feature",
      "properties": {
        "@id": "node/6398395885",
        "amenity": "cafe",
        "check_date": "2023-11-20",
        "name": "Kahveci Zeynel Bey"
      },
      "geometry": {
        "type": "Point",
        "coordinates": [
          29.0247073,
          40.9904184
        ]
      },
      "id": "node/6398395885"
    },
    {
      "type": "Feature",
      "properties": {
        "@id": "node/6440141986",
        "addr:housenumber": "2",
        "addr:postcode": "34720",
        "addr:street": "Andelip Esat Sokak",
        "amenity": "cafe",
        "cuisine": "coffee_shop",
        "name": "Coffee Nora"
      },
      "geometry": {
        "type": "Point",
        "coordinates": [
          29.0390904,
          40.9946463
        ]
      },
      "id": "node/6440141986"
    },
    {
      "type": "Feature",
      "properties": {
        "@id": "node/6452025485",
        "amenity": "cafe",
        "cuisine": "turkish;breakfast",
        "internet_access": "wlan",
        "name": "Gaf",
        "opening_hours": "Mo-Fr 11:00-23:00; Sa,Su 10:00-23:00"
      },
      "geometry": {
        "type": "Point",
        "coordinates": [
          29.0231896,
          40.9841288
        ]
      },
      "id": "node/6452025485"
    },
    {
      "type": "Feature",
      "properties": {
        "@id": "node/6512531235",
        "amenity": "cafe",
        "brand": "Starbucks",
        "brand:wikidata": "Q37158",
        "brand:wikipedia": "en:Starbucks",
        "cuisine": "coffee_shop",
        "internet_access": "wlan",
        "internet_access:fee": "no",
        "name": "Starbucks",
        "official_name": "Starbucks Coffee",
        "takeaway": "yes"
      },
      "geometry": {
        "type": "Point",
        "coordinates": [
          29.0390794,
          40.9995877
        ]
      },
      "id": "node/6512531235"
    },
    {
      "type": "Feature",
      "properties": {
        "@id": "node/6515445867",
        "amenity": "cafe",
        "name": "Robin's Mug"
      },
      "geometry": {
        "type": "Point",
        "coordinates": [
          29.0279251,
          40.9962385
        ]
      },
      "id": "node/6515445867"
    },
    {
      "type": "Feature",
      "properties": {
        "@id": "node/6525073725",
        "amenity": "cafe",
        "check_date": "2023-12-02",
        "name": "Penguen Kitabevi Cafe Sahne"
      },
      "geometry": {
        "type": "Point",
        "coordinates": [
          29.0285825,
          40.9872323
        ]
      },
      "id": "node/6525073725"
    },
    {
      "type": "Feature",
      "properties": {
        "@id": "node/6525099034",
        "amenity": "cafe",
        "name": "Vodna Coffee"
      },
      "geometry": {
        "type": "Point",
        "coordinates": [
          29.0281289,
          40.9867984
        ]
      },
      "id": "node/6525099034"
    },
    {
      "type": "Feature",
      "properties": {
        "@id": "node/6525099035",
        "amenity": "cafe",
        "name": "Fazıl Bey'in Türk Kahvesi"
      },
      "geometry": {
        "type": "Point",
        "coordinates": [
          29.0279462,
          40.9864912
        ]
      },
      "id": "node/6525099035"
    },
    {
      "type": "Feature",
      "properties": {
        "@id": "node/6525099036",
        "alt_name": "Caffè Nero Bahariye",
        "amenity": "cafe",
        "brand": "Caffè Nero",
        "brand:wikidata": "Q675808",
        "brand:wikipedia": "en:Caffè Nero",
        "check_date": "2023-11-22",
        "cuisine": "coffee_shop",
        "name": "Caffè Nero",
        "takeaway": "yes"
      },
      "geometry": {
        "type": "Point",
        "coordinates": [
          29.0279252,
          40.9864304
        ]
      },
      "id": "node/6525099036"
    },
    {
      "type": "Feature",
      "properties": {
        "@id": "node/6525160827",
        "amenity": "cafe",
        "check_date": "2023-11-25",
        "name": "Suadiye Marmaris"
      },
      "geometry": {
        "type": "Point",
        "coordinates": [
          29.0277655,
          40.9845731
        ]
      },
      "id": "node/6525160827"
    },
    {
      "type": "Feature",
      "properties": {
        "@id": "node/6525160829",
        "amenity": "cafe",
        "check_date": "2023-11-28",
        "name": "The Churroll"
      },
      "geometry": {
        "type": "Point",
        "coordinates": [
          29.0269084,
          40.9846281
        ]
      },
      "id": "node/6525160829"
    },
    {
      "type": "Feature",
      "properties": {
        "@id": "node/6525160834",
        "amenity": "cafe",
        "name": "Poppin"
      },
      "geometry": {
        "type": "Point",
        "coordinates": [
          29.0264321,
          40.9845213
        ]
      },
      "id": "node/6525160834"
    },
    {
      "type": "Feature",
      "properties": {
        "@id": "node/6525324613",
        "addr:city": "İstanbul",
        "addr:district": "Kadıköy",
        "addr:housenumber": "9",
        "addr:neighbourhood": "Caferağa Mahallesi",
        "addr:postcode": "34710",
        "addr:street": "Şair Nefi Sokağı",
        "amenity": "cafe",
        "name": "Asuman",
        "name:de": "Asuman Schokoladengeschäft",
        "website": "https://www.asuman.com/"
      },
      "geometry": {
        "type": "Point",
        "coordinates": [
          29.0265349,
          40.983731
        ]
      },
      "id": "node/6525324613"
    },
    {
      "type": "Feature",
      "properties": {
        "@id": "node/6525324617",
        "addr:housenumber": "128A",
        "addr:street": "Moda Caddesi",
        "amenity": "cafe",
        "indoor_seating": "yes",
        "name": "Papatya",
        "opening_hours": "Mo-Su 07:00-20:30",
        "outdoor_seating": "yes",
        "shop": "bakery"
      },
      "geometry": {
        "type": "Point",
        "coordinates": [
          29.0241269,
          40.9842145
        ]
      },
      "id": "node/6525324617"
    },
    {
      "type": "Feature",
      "properties": {
        "@id": "node/6525324642",
        "addr:postcode": "34710",
        "amenity": "cafe",
        "name": "Poppin Buble Tea & Coffee"
      },
      "geometry": {
        "type": "Point",
        "coordinates": [
          29.0235882,
          40.9809919
        ]
      },
      "id": "node/6525324642"
    },
    {
      "type": "Feature",
      "properties": {
        "@id": "node/6525324645",
        "alt_name": "Kahvaltı Bahçesi",
        "amenity": "cafe",
        "name": "Moda Reçel"
      },
      "geometry": {
        "type": "Point",
        "coordinates": [
          29.024057,
          40.9805206
        ]
      },
      "id": "node/6525324645"
    },
    {
      "type": "Feature",
      "properties": {
        "@id": "node/6525459469",
        "amenity": "cafe",
        "name": "Cherrybean Coffe"
      },
      "geometry": {
        "type": "Point",
        "coordinates": [
          29.024224,
          40.9843279
        ]
      },
      "id": "node/6525459469"
    },
    {
      "type": "Feature",
      "properties": {
        "@id": "node/6525459472",
        "amenity": "cafe",
        "name": "Eywa",
        "opening_hours": "PH,Mo-Su 10:00-23:00"
      },
      "geometry": {
        "type": "Point",
        "coordinates": [
          29.0245559,
          40.9847777
        ]
      },
      "id": "node/6525459472"
    },
    {
      "type": "Feature",
      "properties": {
        "@id": "node/6525459475",
        "amenity": "cafe",
        "name": "Naan",
        "opening_hours": "Tu-Su 09:30-21:30; Mo 11:30-20:30",
        "shop": "bakery"
      },
      "geometry": {
        "type": "Point",
        "coordinates": [
          29.0244029,
          40.9842186
        ]
      },
      "id": "node/6525459475"
    },
    {
      "type": "Feature",
      "properties": {
        "@id": "node/6525497700",
        "amenity": "cafe",
        "name": "Oyun Atölyesi"
      },
      "geometry": {
        "type": "Point",
        "coordinates": [
          29.0258223,
          40.9862783
        ]
      },
      "id": "node/6525497700"
    },
    {
      "type": "Feature",
      "properties": {
        "@id": "node/6531761309",
        "addr:city": "İstanbul",
        "addr:district": "Kadıköy",
        "addr:housenumber": "79",
        "addr:neighbourhood": "Caferağa Mahallesi",
        "addr:postcode": "34710",
        "addr:street": "Mühürdar Caddesi",
        "amenity": "cafe",
        "name": "Field coffe"
      },
      "geometry": {
        "type": "Point",
        "coordinates": [
          29.0220891,
          40.9876531
        ]
      },
      "id": "node/6531761309"
    },
    {
      "type": "Feature",
      "properties": {
        "@id": "node/6531761314",
        "amenity": "cafe",
        "name": "Lebita",
        "old_name": "Babil"
      },
      "geometry": {
        "type": "Point",
        "coordinates": [
          29.0231643,
          40.9883762
        ]
      },
      "id": "node/6531761314"
    },
    {
      "type": "Feature",
      "properties": {
        "@id": "node/6665139161",
        "amenity": "cafe",
        "name": "Kanca"
      },
      "geometry": {
        "type": "Point",
        "coordinates": [
          29.0235209,
          40.9857381
        ]
      },
      "id": "node/6665139161"
    },
    {
      "type": "Feature",
      "properties": {
        "@id": "node/6726106703",
        "amenity": "cafe",
        "name:en": "Moda Cafe",
        "opening_hours": "Mo-Su 12:00-02:00",
        "phone": "+90 216 418 2468"
      },
      "geometry": {
        "type": "Point",
        "coordinates": [
          29.0218732,
          40.9863959
        ]
      },
      "id": "node/6726106703"
    },
    {
      "type": "Feature",
      "properties": {
        "@id": "node/6727363085",
        "amenity": "cafe",
        "name": "Rembetiko"
      },
      "geometry": {
        "type": "Point",
        "coordinates": [
          29.0237123,
          40.9814013
        ]
      },
      "id": "node/6727363085"
    },
    {
      "type": "Feature",
      "properties": {
        "@id": "node/6768727117",
        "amenity": "cafe",
        "check_date": "2023-11-21",
        "name": "Böğürtlen Butik Cafe",
        "opening_hours": "09:30 - 23:00",
        "outdoor_seating": "yes",
        "phone": "+90 216 349 81 60"
      },
      "geometry": {
        "type": "Point",
        "coordinates": [
          29.0329998,
          40.9841873
        ]
      },
      "id": "node/6768727117"
    },
    {
      "type": "Feature",
      "properties": {
        "@id": "node/6768850386",
        "amenity": "cafe",
        "name": "Cadıköy"
      },
      "geometry": {
        "type": "Point",
        "coordinates": [
          29.0274485,
          40.9890098
        ]
      },
      "id": "node/6768850386"
    },
    {
      "type": "Feature",
      "properties": {
        "@id": "node/6780852840",
        "amenity": "cafe",
        "check_date": "2024-11-17",
        "check_date:opening_hours": "2024-11-17",
        "indoor_seating": "yes",
        "name": "Marasco",
        "opening_hours": "Tu-Su,PH 10:00-23:00",
        "outdoor_seating": "yes"
      },
      "geometry": {
        "type": "Point",
        "coordinates": [
          29.0692797,
          41.0181036
        ]
      },
      "id": "node/6780852840"
    },
    {
      "type": "Feature",
      "properties": {
        "@id": "node/6781245101",
        "amenity": "cafe",
        "name": "Küçük Çamlıca Su Köşkü",
        "opening_hours": "Mo-Su 10:00-20:00",
        "outdoor_seating": "yes"
      },
      "geometry": {
        "type": "Point",
        "coordinates": [
          29.0658921,
          41.0182538
        ]
      },
      "id": "node/6781245101"
    },
    {
      "type": "Feature",
      "properties": {
        "@id": "node/6785012888",
        "amenity": "cafe",
        "name": "Kadi lokantasi 2"
      },
      "geometry": {
        "type": "Point",
        "coordinates": [
          29.028724,
          40.9909904
        ]
      },
      "id": "node/6785012888"
    },
    {
      "type": "Feature",
      "properties": {
        "@id": "node/6786308979",
        "addr:city": "İstanbul",
        "addr:district": "Kadıköy",
        "addr:housenumber": "9",
        "addr:neighbourhood": "Fenerbahçe Mahallesi",
        "addr:postcode": "34726",
        "addr:street": "Lalezar Sokağı",
        "amenity": "cafe",
        "name": "Sole Mio Cafe & Brasserie",
        "opening_hours": "08:30 - 00:30",
        "website": "https://solemio.com.tr/"
      },
      "geometry": {
        "type": "Point",
        "coordinates": [
          29.0470254,
          40.9743821
        ]
      },
      "id": "node/6786308979"
    },
    {
      "type": "Feature",
      "properties": {
        "@id": "node/6900253528",
        "addr:city": "İstanbul",
        "addr:district": "Kadıköy",
        "addr:housenumber": "14",
        "addr:neighbourhood": "Caferağa Mahallesi",
        "addr:postcode": "34710",
        "addr:street": "Dr. Esat Işık Caddesi",
        "amenity": "cafe",
        "cuisine": "coffee_shop",
        "internet_access": "wlan",
        "name": "Kronotrop",
        "opening_hours": "07:00 - 23:30",
        "outdoor_seating": "yes",
        "website": "https://www.kronotrop.com.tr/"
      },
      "geometry": {
        "type": "Point",
        "coordinates": [
          29.0258272,
          40.9860006
        ]
      },
      "id": "node/6900253528"
    },
    {
      "type": "Feature",
      "properties": {
        "@id": "node/6929788985",
        "amenity": "cafe",
        "check_date": "2024-05-15",
        "cuisine": "coffee_shop",
        "name": "Venüs'üm Café Garden"
      },
      "geometry": {
        "type": "Point",
        "coordinates": [
          29.0403801,
          40.9841472
        ]
      },
      "id": "node/6929788985"
    },
    {
      "type": "Feature",
      "properties": {
        "@id": "node/6948844997",
        "amenity": "cafe",
        "name:en": "Kübbe"
      },
      "geometry": {
        "type": "Point",
        "coordinates": [
          29.0252566,
          40.9895458
        ]
      },
      "id": "node/6948844997"
    },
    {
      "type": "Feature",
      "properties": {
        "@id": "node/6980199085",
        "addr:street": "Hasan Amir Sokağı",
        "amenity": "cafe",
        "cuisine": "tea",
        "name": "Cimcime Çaykolik Cafe",
        "name:en": "Cimcime Caykolik Cafe"
      },
      "geometry": {
        "type": "Point",
        "coordinates": [
          29.0405718,
          40.9833472
        ]
      },
      "id": "node/6980199085"
    },
    {
      "type": "Feature",
      "properties": {
        "@id": "node/7005583085",
        "addr:housenumber": "6C",
        "addr:postcode": "34714",
        "addr:street": "Yeni Yol Sokak",
        "amenity": "cafe",
        "contact:email": "kumkahvecisi.kadikoy@gmail.com",
        "cuisine": "turkish",
        "internet_access": "wlan",
        "name": "Tarihi Kum Kahvecisi Kadıköy"
      },
      "geometry": {
        "type": "Point",
        "coordinates": [
          29.0291058,
          40.9927638
        ]
      },
      "id": "node/7005583085"
    },
    {
      "type": "Feature",
      "properties": {
        "@id": "node/7044697187",
        "addr:housenumber": "50",
        "addr:street": "Tellalzade Sokağı",
        "amenity": "cafe",
        "name": "Cay"
      },
      "geometry": {
        "type": "Point",
        "coordinates": [
          29.0267887,
          40.9892206
        ]
      },
      "id": "node/7044697187"
    },
    {
      "type": "Feature",
      "properties": {
        "@id": "node/7084201486",
        "amenity": "cafe",
        "cuisine": "breakfast",
        "internet_access": "wlan",
        "name": "lil Bake",
        "opening_hours": "Mo-Su 09:00-22:00"
      },
      "geometry": {
        "type": "Point",
        "coordinates": [
          29.0260372,
          40.9846939
        ]
      },
      "id": "node/7084201486"
    },
    {
      "type": "Feature",
      "properties": {
        "@id": "node/7216132085",
        "amenity": "cafe",
        "name": "Fahriye"
      },
      "geometry": {
        "type": "Point",
        "coordinates": [
          29.0243872,
          40.9852666
        ]
      },
      "id": "node/7216132085"
    },
    {
      "type": "Feature",
      "properties": {
        "@id": "node/7218793886",
        "amenity": "cafe",
        "cuisine": "lebanese",
        "diet:vegan": "yes",
        "internet_access": "wlan",
        "name:en": "Tahin",
        "website": "https://tahin.com.tr/"
      },
      "geometry": {
        "type": "Point",
        "coordinates": [
          29.0259668,
          40.9856768
        ]
      },
      "id": "node/7218793886"
    },
    {
      "type": "Feature",
      "properties": {
        "@id": "node/7255105486",
        "amenity": "cafe",
        "cuisine": "turkish",
        "name:en": "Kovan Firin"
      },
      "geometry": {
        "type": "Point",
        "coordinates": [
          29.02457,
          40.9908013
        ]
      },
      "id": "node/7255105486"
    },
    {
      "type": "Feature",
      "properties": {
        "@id": "node/7298367788",
        "addr:postcode": "34716",
        "amenity": "cafe",
        "cuisine": "breakfast;burger;tea",
        "fixme": "There's another node with the same name across the street. Which one is valid? Please remove this if it is a duplicate/Sokagin kasisinda ayni ada sahip baska bir nokta var. Hangisi gecerli? Eger bu nokta digerinin kopyasiysa lutfen silin.",
        "name": "Küff"
      },
      "geometry": {
        "type": "Point",
        "coordinates": [
          29.0293601,
          40.9957162
        ]
      },
      "id": "node/7298367788"
    },
    {
      "type": "Feature",
      "properties": {
        "@id": "node/7566699345",
        "addr:city": "İstanbul",
        "addr:district": "Kadıköy",
        "addr:housenumber": "7",
        "addr:neighbourhood": "Caferağa Mahallesi",
        "addr:street": "Hacı Şükrü Sokağı",
        "amenity": "cafe",
        "check_date": "2024-10-23",
        "cuisine": "pizza;coffee_shop;sandwich",
        "internet_access": "wlan",
        "internet_access:fee": "customers",
        "name": "Thales Cafe",
        "opening_hours": "09:00-02:00",
        "outdoor_seating": "yes",
        "payment:mastercard": "yes",
        "payment:visa": "yes",
        "wheelchair": "limited"
      },
      "geometry": {
        "type": "Point",
        "coordinates": [
          29.0275588,
          40.986883
        ]
      },
      "id": "node/7566699345"
    },
    {
      "type": "Feature",
      "properties": {
        "@id": "node/7626260865",
        "amenity": "cafe",
        "name": "Robin Cook"
      },
      "geometry": {
        "type": "Point",
        "coordinates": [
          29.0383166,
          40.9851791
        ]
      },
      "id": "node/7626260865"
    },
    {
      "type": "Feature",
      "properties": {
        "@id": "node/7652687366",
        "amenity": "cafe",
        "name": "Nyn Cafe Restaurant"
      },
      "geometry": {
        "type": "Point",
        "coordinates": [
          29.0344397,
          40.9922224
        ]
      },
      "id": "node/7652687366"
    },
    {
      "type": "Feature",
      "properties": {
        "@id": "node/7740560087",
        "amenity": "cafe",
        "name": "Coffeetopia"
      },
      "geometry": {
        "type": "Point",
        "coordinates": [
          29.0558333,
          40.9732969
        ]
      },
      "id": "node/7740560087"
    },
    {
      "type": "Feature",
      "properties": {
        "@id": "node/7743075928",
        "addr:city": "İstanbul",
        "addr:district": "Kadıköy",
        "addr:housenumber": "222",
        "addr:neighbourhood": "Göztepe Mahallesi",
        "addr:postcode": "34730",
        "addr:street": "Fahrettin Kerim Gökay Caddesi",
        "amenity": "cafe",
        "name": "Kaffee Schütz",
        "opening_hours": "08:00 - 24:00",
        "website": "https://www.kaffeeschutz.com/"
      },
      "geometry": {
        "type": "Point",
        "coordinates": [
          29.0680506,
          40.9816755
        ]
      },
      "id": "node/7743075928"
    },
    {
      "type": "Feature",
      "properties": {
        "@id": "node/7743104100",
        "amenity": "cafe",
        "name": "Caffe So!So!"
      },
      "geometry": {
        "type": "Point",
        "coordinates": [
          29.0663422,
          40.9823559
        ]
      },
      "id": "node/7743104100"
    },
    {
      "type": "Feature",
      "properties": {
        "@id": "node/7743104572",
        "amenity": "cafe",
        "brand": "Mado",
        "brand:wikidata": "Q17116336",
        "brand:wikipedia": "en:Mado (food company)",
        "cuisine": "coffee_shop",
        "name": "Mado",
        "takeaway": "yes"
      },
      "geometry": {
        "type": "Point",
        "coordinates": [
          29.059548,
          40.983745
        ]
      },
      "id": "node/7743104572"
    },
    {
      "type": "Feature",
      "properties": {
        "@id": "node/7743475231",
        "amenity": "cafe",
        "name": "Alaçatı Muhallebicisi"
      },
      "geometry": {
        "type": "Point",
        "coordinates": [
          29.0282371,
          40.9912153
        ]
      },
      "id": "node/7743475231"
    },
    {
      "type": "Feature",
      "properties": {
        "@id": "node/7743502236",
        "amenity": "cafe",
        "name": "Değirmen"
      },
      "geometry": {
        "type": "Point",
        "coordinates": [
          29.0589433,
          40.9843032
        ]
      },
      "id": "node/7743502236"
    },
    {
      "type": "Feature",
      "properties": {
        "@id": "node/7743511001",
        "amenity": "cafe",
        "name": "Break Point"
      },
      "geometry": {
        "type": "Point",
        "coordinates": [
          29.0280787,
          40.9911049
        ]
      },
      "id": "node/7743511001"
    },
    {
      "type": "Feature",
      "properties": {
        "@id": "node/7789509846",
        "addr:housenumber": "41",
        "addr:postcode": "34710",
        "addr:street": "Mühürdar Caddesi",
        "amenity": "cafe",
        "name": "Carmelo",
        "opening_hours": "Mo-Su 09:00-22:00",
        "website": "https://coffeecarmelo.com/locations/carmelo-coffee-istanbul-kadikoy-muhurdar-cadde"
      },
      "geometry": {
        "type": "Point",
        "coordinates": [
          29.0237526,
          40.9891913
        ]
      },
      "id": "node/7789509846"
    },
    {
      "type": "Feature",
      "properties": {
        "@id": "node/7789536061",
        "amenity": "cafe",
        "name": "Köşem Közde Kahve"
      },
      "geometry": {
        "type": "Point",
        "coordinates": [
          29.0240739,
          40.9895912
        ]
      },
      "id": "node/7789536061"
    },
    {
      "type": "Feature",
      "properties": {
        "@id": "node/7789571437",
        "amenity": "cafe",
        "name": "Kemal Usta Waffles"
      },
      "geometry": {
        "type": "Point",
        "coordinates": [
          29.0241682,
          40.9899824
        ]
      },
      "id": "node/7789571437"
    },
    {
      "type": "Feature",
      "properties": {
        "@id": "node/7789572808",
        "amenity": "cafe",
        "name": "Murat Muhallebicisi"
      },
      "geometry": {
        "type": "Point",
        "coordinates": [
          29.0250482,
          40.9939333
        ]
      },
      "id": "node/7789572808"
    },
    {
      "type": "Feature",
      "properties": {
        "@id": "node/7789605640",
        "amenity": "cafe",
        "name": "Çınar Közde Kahve"
      },
      "geometry": {
        "type": "Point",
        "coordinates": [
          29.0235605,
          40.9888881
        ]
      },
      "id": "node/7789605640"
    },
    {
      "type": "Feature",
      "properties": {
        "@id": "node/7789610043",
        "amenity": "cafe",
        "name": "Redstone"
      },
      "geometry": {
        "type": "Point",
        "coordinates": [
          29.023515,
          40.9888287
        ]
      },
      "id": "node/7789610043"
    },
    {
      "type": "Feature",
      "properties": {
        "@id": "node/7789612034",
        "amenity": "cafe",
        "name": "Coffy Corner"
      },
      "geometry": {
        "type": "Point",
        "coordinates": [
          29.0242072,
          40.9900325
        ]
      },
      "id": "node/7789612034"
    },
    {
      "type": "Feature",
      "properties": {
        "@id": "node/7994807882",
        "addr:postcode": "34710",
        "amenity": "cafe",
        "contact:instagram": "sakurakadikoy",
        "internet_access": "wlan",
        "name": "Sakura"
      },
      "geometry": {
        "type": "Point",
        "coordinates": [
          29.0236678,
          40.9856736
        ]
      },
      "id": "node/7994807882"
    },
    {
      "type": "Feature",
      "properties": {
        "@id": "node/8017443296",
        "addr:housenumber": "6",
        "addr:postcode": "34710",
        "addr:street": "Mühürdar Karakolu Sokağı",
        "amenity": "cafe",
        "name": "Yumma"
      },
      "geometry": {
        "type": "Point",
        "coordinates": [
          29.0239054,
          40.9848768
        ]
      },
      "id": "node/8017443296"
    },
    {
      "type": "Feature",
      "properties": {
        "@id": "node/8017443297",
        "amenity": "cafe",
        "name": "Guten Morgen"
      },
      "geometry": {
        "type": "Point",
        "coordinates": [
          29.023796,
          40.9847376
        ]
      },
      "id": "node/8017443297"
    },
    {
      "type": "Feature",
      "properties": {
        "@id": "node/8060106785",
        "addr:street": "Nur Sokağı",
        "amenity": "cafe",
        "name": "Serenity Coffee",
        "opening_hours": "Mo-Fr 07:30-18:00; Sa 09:00-12:00"
      },
      "geometry": {
        "type": "Point",
        "coordinates": [
          29.0674093,
          40.99231
        ]
      },
      "id": "node/8060106785"
    },
    {
      "type": "Feature",
      "properties": {
        "@id": "node/8146854680",
        "addr:city": "İstanbul",
        "addr:district": "Kadıköy",
        "addr:housenumber": "132",
        "addr:neighbourhood": "Acıbadem Mahallesi",
        "addr:postcode": "34718",
        "addr:street": "Acıbadem Caddesi",
        "amenity": "cafe",
        "contact:instagram": "https://www.instagram.com/bamsacibadem/",
        "name": "Bam's Kafe"
      },
      "geometry": {
        "type": "Point",
        "coordinates": [
          29.0444965,
          41.0038069
        ]
      },
      "id": "node/8146854680"
    },
    {
      "type": "Feature",
      "properties": {
        "@id": "node/8240537608",
        "addr:housenumber": "20",
        "addr:street": "Canan Sokak",
        "amenity": "cafe",
        "description": "Vagan food",
        "name": "Veganarsist",
        "phone": "+902164187853",
        "website": "https://www.veganarsist.com/"
      },
      "geometry": {
        "type": "Point",
        "coordinates": [
          29.030016,
          40.9879771
        ]
      },
      "id": "node/8240537608"
    },
    {
      "type": "Feature",
      "properties": {
        "@id": "node/8593181486",
        "addr:city": "İstanbul",
        "addr:district": "Kadıköy",
        "addr:housenumber": "6a",
        "addr:neighbourhood": "Osmanağa Mahallesi",
        "addr:street": "Kırtasiyeci Sokağı",
        "amenity": "cafe",
        "cuisine": "chicken;burger;salads;breakfast;coffee_shop",
        "internet_access": "yes",
        "internet_access:fee": "no",
        "name": "Gergedan cafe & bistro",
        "opening_hours": "Mo-Su 09:00-21:00",
        "outdoor_seating": "yes",
        "phone": "02164504925"
      },
      "geometry": {
        "type": "Point",
        "coordinates": [
          29.0265646,
          40.9902962
        ]
      },
      "id": "node/8593181486"
    },
    {
      "type": "Feature",
      "properties": {
        "@id": "node/8611314393",
        "amenity": "cafe",
        "name": "Unico Unique Coffee"
      },
      "geometry": {
        "type": "Point",
        "coordinates": [
          29.0279804,
          40.9914594
        ]
      },
      "id": "node/8611314393"
    },
    {
      "type": "Feature",
      "properties": {
        "@id": "node/8742328836",
        "amenity": "cafe",
        "name": "Panayır Gardens"
      },
      "geometry": {
        "type": "Point",
        "coordinates": [
          29.0492146,
          40.9857574
        ]
      },
      "id": "node/8742328836"
    },
    {
      "type": "Feature",
      "properties": {
        "@id": "node/8742338251",
        "amenity": "cafe",
        "name": "Well & Better Coffee"
      },
      "geometry": {
        "type": "Point",
        "coordinates": [
          29.0496171,
          40.9851773
        ]
      },
      "id": "node/8742338251"
    },
    {
      "type": "Feature",
      "properties": {
        "@id": "node/8742338599",
        "amenity": "cafe",
        "name": "Brew Mood Coffee & Tea"
      },
      "geometry": {
        "type": "Point",
        "coordinates": [
          29.0525839,
          40.9844755
        ]
      },
      "id": "node/8742338599"
    },
    {
      "type": "Feature",
      "properties": {
        "@id": "node/8829972518",
        "amenity": "cafe",
        "name": "Balik Ekmek"
      },
      "geometry": {
        "type": "Point",
        "coordinates": [
          29.0254349,
          40.9908116
        ]
      },
      "id": "node/8829972518"
    },
    {
      "type": "Feature",
      "properties": {
        "@id": "node/8872600364",
        "addr:city": "İstanbul",
        "addr:district": "Kadıkoy",
        "addr:neighbourhood": "Fenerbahçe Mahallesi",
        "addr:postcode": "34726",
        "addr:street": "Ahmet Mithat Efendi Caddesi",
        "amenity": "cafe",
        "name": "Diyar Burma Tatlıcısı",
        "website": "https://www.diyarburma.com.tr"
      },
      "geometry": {
        "type": "Point",
        "coordinates": [
          29.0457234,
          40.9746543
        ]
      },
      "id": "node/8872600364"
    },
    {
      "type": "Feature",
      "properties": {
        "@id": "node/8872605723",
        "amenity": "cafe",
        "name": "Doppio Fika Point"
      },
      "geometry": {
        "type": "Point",
        "coordinates": [
          29.0473311,
          40.9742195
        ]
      },
      "id": "node/8872605723"
    },
    {
      "type": "Feature",
      "properties": {
        "@id": "node/9066640518",
        "addr:city": "İstanbul",
        "addr:district": "Kadıköy",
        "addr:housenumber": "24",
        "addr:neighbourhood": "Caferağa Mahallesi",
        "addr:postcode": "34710",
        "addr:street": "Şair Nefi Sokağı",
        "alt_name": "Chocolate and breakfast",
        "amenity": "cafe",
        "name": "Moda Çikolatacısı",
        "opening_hours": "09:00 - 23:30",
        "website": "https://modacikolatacisi.com/"
      },
      "geometry": {
        "type": "Point",
        "coordinates": [
          29.02615,
          40.9835085
        ]
      },
      "id": "node/9066640518"
    },
    {
      "type": "Feature",
      "properties": {
        "@id": "node/9070238417",
        "amenity": "cafe"
      },
      "geometry": {
        "type": "Point",
        "coordinates": [
          29.0262098,
          40.9812299
        ]
      },
      "id": "node/9070238417"
    },
    {
      "type": "Feature",
      "properties": {
        "@id": "node/9070472195",
        "amenity": "cafe",
        "check_date": "2024-11-17",
        "cuisine": "coffee_shop;sandwich",
        "name": "HODL",
        "name:en": "Gang coffe",
        "outdoor_seating": "yes"
      },
      "geometry": {
        "type": "Point",
        "coordinates": [
          29.0238984,
          40.981833
        ]
      },
      "id": "node/9070472195"
    },
    {
      "type": "Feature",
      "properties": {
        "@id": "node/9074262218",
        "amenity": "cafe",
        "indoor_seating": "yes",
        "name": "Juliet Rooms&Kitchen",
        "opening_hours": "Mo-Su 08:00-24:00",
        "outdoor_seating": "yes"
      },
      "geometry": {
        "type": "Point",
        "coordinates": [
          29.0311489,
          40.9816695
        ]
      },
      "id": "node/9074262218"
    },
    {
      "type": "Feature",
      "properties": {
        "@id": "node/9108187653",
        "amenity": "cafe",
        "brand": "Kahve Dünyası",
        "brand:wikidata": "Q28008050",
        "cuisine": "coffee_shop",
        "name": "Kahve Dünyası",
        "takeaway": "yes"
      },
      "geometry": {
        "type": "Point",
        "coordinates": [
          29.0552567,
          40.9842675
        ]
      },
      "id": "node/9108187653"
    },
    {
      "type": "Feature",
      "properties": {
        "@id": "node/9108201271",
        "amenity": "cafe",
        "name": "The Co."
      },
      "geometry": {
        "type": "Point",
        "coordinates": [
          29.0694667,
          40.9812017
        ]
      },
      "id": "node/9108201271"
    },
    {
      "type": "Feature",
      "properties": {
        "@id": "node/9108204553",
        "amenity": "cafe",
        "name": "Coffee House",
        "wheelchair": "no"
      },
      "geometry": {
        "type": "Point",
        "coordinates": [
          29.0509243,
          40.9848851
        ]
      },
      "id": "node/9108204553"
    },
    {
      "type": "Feature",
      "properties": {
        "@id": "node/9108211630",
        "amenity": "cafe",
        "name": "Coffee Club"
      },
      "geometry": {
        "type": "Point",
        "coordinates": [
          29.0523263,
          40.9845602
        ]
      },
      "id": "node/9108211630"
    },
    {
      "type": "Feature",
      "properties": {
        "@id": "node/9142540984",
        "amenity": "cafe",
        "name": "Kuyubaşı Cafe"
      },
      "geometry": {
        "type": "Point",
        "coordinates": [
          29.0476179,
          40.9859594
        ]
      },
      "id": "node/9142540984"
    },
    {
      "type": "Feature",
      "properties": {
        "@id": "node/9142544185",
        "amenity": "cafe",
        "name": "Göztepe Sarıyer Börekçisi"
      },
      "geometry": {
        "type": "Point",
        "coordinates": [
          29.0558579,
          40.9843385
        ]
      },
      "id": "node/9142544185"
    },
    {
      "type": "Feature",
      "properties": {
        "@id": "node/9142558889",
        "amenity": "cafe",
        "brand": "Starbucks",
        "brand:wikidata": "Q37158",
        "cuisine": "coffee_shop",
        "name": "Starbucks",
        "official_name": "Starbucks Coffee",
        "takeaway": "yes",
        "website": "https://www.starbucks.co.uk/store-locator/29824-255546/goztepe"
      },
      "geometry": {
        "type": "Point",
        "coordinates": [
          29.0531186,
          40.9844301
        ]
      },
      "id": "node/9142558889"
    },
    {
      "type": "Feature",
      "properties": {
        "@id": "node/9149447744",
        "amenity": "cafe",
        "name": "La Casa Közde Döner"
      },
      "geometry": {
        "type": "Point",
        "coordinates": [
          29.0655482,
          40.9825273
        ]
      },
      "id": "node/9149447744"
    },
    {
      "type": "Feature",
      "properties": {
        "@id": "node/9180335656",
        "amenity": "cafe",
        "name": "Huysuz"
      },
      "geometry": {
        "type": "Point",
        "coordinates": [
          29.0555268,
          40.9843755
        ]
      },
      "id": "node/9180335656"
    },
    {
      "type": "Feature",
      "properties": {
        "@id": "node/9180339515",
        "amenity": "cafe",
        "name": "Granny's Waffles"
      },
      "geometry": {
        "type": "Point",
        "coordinates": [
          29.0519985,
          40.9846289
        ]
      },
      "id": "node/9180339515"
    },
    {
      "type": "Feature",
      "properties": {
        "@id": "node/9180339842",
        "amenity": "cafe",
        "brand": "Gloria Jean's",
        "brand:wikidata": "Q2666365",
        "cuisine": "coffee_shop",
        "name": "Gloria Jean's",
        "official_name": "Gloria Jean's Coffees",
        "takeaway": "yes"
      },
      "geometry": {
        "type": "Point",
        "coordinates": [
          29.0535624,
          40.9844312
        ]
      },
      "id": "node/9180339842"
    },
    {
      "type": "Feature",
      "properties": {
        "@id": "node/9180347148",
        "amenity": "cafe",
        "name": "Entrika"
      },
      "geometry": {
        "type": "Point",
        "coordinates": [
          29.053784,
          40.9844572
        ]
      },
      "id": "node/9180347148"
    },
    {
      "type": "Feature",
      "properties": {
        "@id": "node/9180349951",
        "amenity": "cafe",
        "name": "Kervan Börek & Cafe"
      },
      "geometry": {
        "type": "Point",
        "coordinates": [
          29.0512668,
          40.9847603
        ]
      },
      "id": "node/9180349951"
    },
    {
      "type": "Feature",
      "properties": {
        "@id": "node/9266414218",
        "amenity": "cafe",
        "name": "Valerio"
      },
      "geometry": {
        "type": "Point",
        "coordinates": [
          29.0271922,
          40.9881038
        ]
      },
      "id": "node/9266414218"
    },
    {
      "type": "Feature",
      "properties": {
        "@id": "node/9277593417",
        "amenity": "cafe",
        "name": "Suavi"
      },
      "geometry": {
        "type": "Point",
        "coordinates": [
          29.0299466,
          40.9893208
        ]
      },
      "id": "node/9277593417"
    },
    {
      "type": "Feature",
      "properties": {
        "@id": "node/9286064917",
        "amenity": "cafe",
        "cuisine": "coffee_shop",
        "name": "Yell"
      },
      "geometry": {
        "type": "Point",
        "coordinates": [
          29.0296342,
          40.9941371
        ]
      },
      "id": "node/9286064917"
    },
    {
      "type": "Feature",
      "properties": {
        "@id": "node/9308527417",
        "addr:housenumber": "15",
        "addr:street": "Sarraf Ali Sokağı",
        "amenity": "cafe",
        "cuisine": "italian_pizza",
        "name": "il sud"
      },
      "geometry": {
        "type": "Point",
        "coordinates": [
          29.0247377,
          40.9877896
        ]
      },
      "id": "node/9308527417"
    },
    {
      "type": "Feature",
      "properties": {
        "@id": "node/9318036619",
        "amenity": "cafe",
        "name": "Hector Luis Coffee"
      },
      "geometry": {
        "type": "Point",
        "coordinates": [
          29.02556,
          40.9874739
        ]
      },
      "id": "node/9318036619"
    },
    {
      "type": "Feature",
      "properties": {
        "@id": "node/9318036717",
        "amenity": "cafe",
        "name": "Mars"
      },
      "geometry": {
        "type": "Point",
        "coordinates": [
          29.0252711,
          40.9873278
        ]
      },
      "id": "node/9318036717"
    },
    {
      "type": "Feature",
      "properties": {
        "@id": "node/9337361818",
        "amenity": "cafe",
        "name": "Boyoz"
      },
      "geometry": {
        "type": "Point",
        "coordinates": [
          29.027222,
          40.9881937
        ]
      },
      "id": "node/9337361818"
    },
    {
      "type": "Feature",
      "properties": {
        "@id": "node/9337361819",
        "amenity": "cafe",
        "name": "Cay Station"
      },
      "geometry": {
        "type": "Point",
        "coordinates": [
          29.0269393,
          40.9886997
        ]
      },
      "id": "node/9337361819"
    },
    {
      "type": "Feature",
      "properties": {
        "@id": "node/9337361820",
        "amenity": "cafe",
        "name": "Bahariye"
      },
      "geometry": {
        "type": "Point",
        "coordinates": [
          29.0270318,
          40.9887351
        ]
      },
      "id": "node/9337361820"
    },
    {
      "type": "Feature",
      "properties": {
        "@id": "node/9355380519",
        "addr:housenumber": "27B",
        "addr:street": "Gürbüz Türk Sokağı",
        "amenity": "cafe",
        "name": "Dolce",
        "opening_hours": "Tu-Su 10:00-21:00"
      },
      "geometry": {
        "type": "Point",
        "coordinates": [
          29.022772,
          40.9844925
        ]
      },
      "id": "node/9355380519"
    },
    {
      "type": "Feature",
      "properties": {
        "@id": "node/9355381118",
        "addr:housenumber": "29B",
        "addr:street": "Gürbüz Türk Sokağı",
        "amenity": "cafe",
        "name": "Nadide breakfast",
        "opening_hours": "PH,Tu-Su 10:00-16:00"
      },
      "geometry": {
        "type": "Point",
        "coordinates": [
          29.0226987,
          40.9843986
        ]
      },
      "id": "node/9355381118"
    },
    {
      "type": "Feature",
      "properties": {
        "@id": "node/9365734617",
        "amenity": "cafe",
        "name:en": "suflor (черно-белое кафе)"
      },
      "geometry": {
        "type": "Point",
        "coordinates": [
          29.0297907,
          40.9892363
        ]
      },
      "id": "node/9365734617"
    },
    {
      "type": "Feature",
      "properties": {
        "@id": "node/9366942517",
        "amenity": "cafe",
        "name": "Chocoport",
        "name:en": "chokoport"
      },
      "geometry": {
        "type": "Point",
        "coordinates": [
          29.028829,
          40.9883577
        ]
      },
      "id": "node/9366942517"
    },
    {
      "type": "Feature",
      "properties": {
        "@id": "node/9375784919",
        "amenity": "cafe",
        "name": "Sakura"
      },
      "geometry": {
        "type": "Point",
        "coordinates": [
          29.0234555,
          40.9856577
        ]
      },
      "id": "node/9375784919"
    },
    {
      "type": "Feature",
      "properties": {
        "@id": "node/9375785120",
        "amenity": "cafe",
        "name": "La Paz"
      },
      "geometry": {
        "type": "Point",
        "coordinates": [
          29.0242948,
          40.9854337
        ]
      },
      "id": "node/9375785120"
    },
    {
      "type": "Feature",
      "properties": {
        "@id": "node/9375785121",
        "addr:housenumber": "57",
        "addr:postcode": "34710",
        "addr:street": "Cemal Süreya Sokağı",
        "amenity": "cafe",
        "cuisine": "local;turkish",
        "name": "muutto",
        "opening_hours": "Mo-Su 12:00-22:00",
        "website": "https://www.muutto.com.tr/"
      },
      "geometry": {
        "type": "Point",
        "coordinates": [
          29.0228731,
          40.9857953
        ]
      },
      "id": "node/9375785121"
    },
    {
      "type": "Feature",
      "properties": {
        "@id": "node/9375785217",
        "addr:housenumber": "24",
        "addr:street": "Bademaltı Sokağı",
        "amenity": "cafe",
        "name": "Bonne Nuit"
      },
      "geometry": {
        "type": "Point",
        "coordinates": [
          29.0258434,
          40.9847627
        ]
      },
      "id": "node/9375785217"
    },
    {
      "type": "Feature",
      "properties": {
        "@id": "node/9375785218",
        "amenity": "cafe",
        "name": "Ya Basta"
      },
      "geometry": {
        "type": "Point",
        "coordinates": [
          29.0255919,
          40.9848501
        ]
      },
      "id": "node/9375785218"
    },
    {
      "type": "Feature",
      "properties": {
        "@id": "node/9375785219",
        "amenity": "cafe",
        "name": "Story"
      },
      "geometry": {
        "type": "Point",
        "coordinates": [
          29.0254994,
          40.9849858
        ]
      },
      "id": "node/9375785219"
    },
    {
      "type": "Feature",
      "properties": {
        "@id": "node/9375785317",
        "addr:housenumber": "22",
        "addr:street": "Bademaltı Sokağı",
        "amenity": "cafe",
        "name": "Montag"
      },
      "geometry": {
        "type": "Point",
        "coordinates": [
          29.0257964,
          40.9847802
        ]
      },
      "id": "node/9375785317"
    },
    {
      "type": "Feature",
      "properties": {
        "@id": "node/9375785318",
        "addr:housenumber": "3",
        "addr:postcode": "34710",
        "addr:street": "Leylek Sokağı",
        "amenity": "cafe",
        "name": "OK"
      },
      "geometry": {
        "type": "Point",
        "coordinates": [
          29.0243068,
          40.985304
        ]
      },
      "id": "node/9375785318"
    },
    {
      "type": "Feature",
      "properties": {
        "@id": "node/9378617517",
        "amenity": "cafe",
        "name": "Kronotrop"
      },
      "geometry": {
        "type": "Point",
        "coordinates": [
          29.0238803,
          40.9830962
        ]
      },
      "id": "node/9378617517"
    },
    {
      "type": "Feature",
      "properties": {
        "@id": "node/9410999001",
        "amenity": "cafe",
        "name": "Altıgen Kafe"
      },
      "geometry": {
        "type": "Point",
        "coordinates": [
          29.0507102,
          40.9865844
        ]
      },
      "id": "node/9410999001"
    },
    {
      "type": "Feature",
      "properties": {
        "@id": "node/9422395617",
        "amenity": "cafe",
        "check_date": "2023-12-02",
        "description": "dondurmali izmik helvasi",
        "name": "Helvaci Ali"
      },
      "geometry": {
        "type": "Point",
        "coordinates": [
          29.0289108,
          40.9890776
        ]
      },
      "id": "node/9422395617"
    },
    {
      "type": "Feature",
      "properties": {
        "@id": "node/9422683017",
        "amenity": "cafe",
        "name": "Viyana Kahvesi",
        "name:en": "Viva Kahvesi"
      },
      "geometry": {
        "type": "Point",
        "coordinates": [
          29.0235183,
          40.990397
        ]
      },
      "id": "node/9422683017"
    },
    {
      "type": "Feature",
      "properties": {
        "@id": "node/9452474627",
        "amenity": "cafe",
        "name": "tinca tinca"
      },
      "geometry": {
        "type": "Point",
        "coordinates": [
          29.0239137,
          40.9832638
        ]
      },
      "id": "node/9452474627"
    },
    {
      "type": "Feature",
      "properties": {
        "@id": "node/9452871482",
        "amenity": "cafe",
        "name": "Asi Künefeleri"
      },
      "geometry": {
        "type": "Point",
        "coordinates": [
          29.0246846,
          40.9906277
        ]
      },
      "id": "node/9452871482"
    },
    {
      "type": "Feature",
      "properties": {
        "@id": "node/9452888230",
        "amenity": "cafe",
        "brand": "Kahve Dünyası",
        "brand:wikidata": "Q28008050",
        "check_date": "2023-11-23",
        "cuisine": "coffee_shop",
        "name": "Kahve Dünyası",
        "takeaway": "yes"
      },
      "geometry": {
        "type": "Point",
        "coordinates": [
          29.0249097,
          40.990942
        ]
      },
      "id": "node/9452888230"
    },
    {
      "type": "Feature",
      "properties": {
        "@id": "node/9452921572",
        "amenity": "cafe",
        "name": "Durak Büfe"
      },
      "geometry": {
        "type": "Point",
        "coordinates": [
          29.0438183,
          40.9883457
        ]
      },
      "id": "node/9452921572"
    },
    {
      "type": "Feature",
      "properties": {
        "@id": "node/9481152784",
        "amenity": "cafe",
        "image": "https://www.darkstar.com.tr/assets/images/magaza/gallery-4.jpg",
        "name": "Dark Star Coffee",
        "website": "https://www.darkstar.com.tr/",
        "wheelchair": "yes"
      },
      "geometry": {
        "type": "Point",
        "coordinates": [
          29.0476939,
          40.976935
        ]
      },
      "id": "node/9481152784"
    },
    {
      "type": "Feature",
      "properties": {
        "@id": "node/9481272538",
        "amenity": "cafe",
        "name": "Ümit Pasta Cafe"
      },
      "geometry": {
        "type": "Point",
        "coordinates": [
          29.0755958,
          40.9805172
        ]
      },
      "id": "node/9481272538"
    },
    {
      "type": "Feature",
      "properties": {
        "@id": "node/9503016098",
        "amenity": "cafe",
        "cuisine": "coffee_shop",
        "internet_access": "yes",
        "internet_access:fee": "no",
        "name": "Ayvalik Ekspress",
        "opening_hours": "Mo-Su 11:00-20:00",
        "outdoor_seating": "yes"
      },
      "geometry": {
        "type": "Point",
        "coordinates": [
          29.0271449,
          40.9860186
        ]
      },
      "id": "node/9503016098"
    },
    {
      "type": "Feature",
      "properties": {
        "@id": "node/9503071517",
        "addr:housenumber": "12",
        "addr:street": "Dr. İhsan Ünlüer Sokağı",
        "amenity": "cafe",
        "cuisine": "pasta",
        "name:en": "Say Cheese"
      },
      "geometry": {
        "type": "Point",
        "coordinates": [
          29.0272608,
          40.9859758
        ]
      },
      "id": "node/9503071517"
    },
    {
      "type": "Feature",
      "properties": {
        "@id": "node/9510245620",
        "amenity": "cafe",
        "name": "Coni&Co",
        "name:en": "Conı Co"
      },
      "geometry": {
        "type": "Point",
        "coordinates": [
          29.0224989,
          40.9815494
        ]
      },
      "id": "node/9510245620"
    },
    {
      "type": "Feature",
      "properties": {
        "@id": "node/9510245621",
        "amenity": "cafe",
        "name": "Yer"
      },
      "geometry": {
        "type": "Point",
        "coordinates": [
          29.0226815,
          40.9815272
        ]
      },
      "id": "node/9510245621"
    },
    {
      "type": "Feature",
      "properties": {
        "@id": "node/9510245821",
        "amenity": "cafe",
        "name": "Sayfiye Moda"
      },
      "geometry": {
        "type": "Point",
        "coordinates": [
          29.022756,
          40.9811226
        ]
      },
      "id": "node/9510245821"
    },
    {
      "type": "Feature",
      "properties": {
        "@id": "node/9510245921",
        "amenity": "cafe",
        "name": "Hector Louis"
      },
      "geometry": {
        "type": "Point",
        "coordinates": [
          29.0233804,
          40.9812683
        ]
      },
      "id": "node/9510245921"
    },
    {
      "type": "Feature",
      "properties": {
        "@id": "node/9510245922",
        "amenity": "cafe",
        "cuisine": "tea",
        "name": "Çaykur"
      },
      "geometry": {
        "type": "Point",
        "coordinates": [
          29.0212125,
          40.9803352
        ]
      },
      "id": "node/9510245922"
    },
    {
      "type": "Feature",
      "properties": {
        "@id": "node/9510285818",
        "addr:housenumber": "148a",
        "addr:postcode": "34710",
        "addr:street": "Moda Caddesi",
        "amenity": "cafe",
        "name": "Saucısse Moda"
      },
      "geometry": {
        "type": "Point",
        "coordinates": [
          29.0235643,
          40.9832213
        ]
      },
      "id": "node/9510285818"
    },
    {
      "type": "Feature",
      "properties": {
        "@id": "node/9510285917",
        "amenity": "cafe",
        "name": "Inızıo"
      },
      "geometry": {
        "type": "Point",
        "coordinates": [
          29.0233808,
          40.9820157
        ]
      },
      "id": "node/9510285917"
    },
    {
      "type": "Feature",
      "properties": {
        "@id": "node/9510286117",
        "amenity": "cafe",
        "name": "Kemal"
      },
      "geometry": {
        "type": "Point",
        "coordinates": [
          29.0214307,
          40.9801113
        ]
      },
      "id": "node/9510286117"
    },
    {
      "type": "Feature",
      "properties": {
        "@id": "node/9663355317",
        "amenity": "cafe",
        "cuisine": "sushi",
        "name": "oröro"
      },
      "geometry": {
        "type": "Point",
        "coordinates": [
          29.0232941,
          40.9842632
        ]
      },
      "id": "node/9663355317"
    },
    {
      "type": "Feature",
      "properties": {
        "@id": "node/9663355617",
        "amenity": "cafe",
        "name": "Joie"
      },
      "geometry": {
        "type": "Point",
        "coordinates": [
          29.0238346,
          40.9841906
        ]
      },
      "id": "node/9663355617"
    },
    {
      "type": "Feature",
      "properties": {
        "@id": "node/9667935676",
        "amenity": "cafe",
        "brand": "Espressolab",
        "brand:wikidata": "Q97599059",
        "cuisine": "coffee_shop",
        "name": "Espressolab",
        "takeaway": "yes"
      },
      "geometry": {
        "type": "Point",
        "coordinates": [
          29.0540194,
          40.9877515
        ]
      },
      "id": "node/9667935676"
    },
    {
      "type": "Feature",
      "properties": {
        "@id": "node/9670079917",
        "addr:city": "İstanbul",
        "addr:district": "Kadıköy",
        "addr:housenumber": "62",
        "addr:neighbourhood": "Osmanağa Mahallesi",
        "addr:postcode": "34714",
        "addr:street": "Yoğurtçu Parkı Caddesi",
        "amenity": "cafe",
        "check_date": "2023-11-21",
        "cuisine": "breakfast;sandwich",
        "name": "Morn",
        "phone": "+90 216 504 66 64",
        "website": "http://www.mornkadikoy.com/"
      },
      "geometry": {
        "type": "Point",
        "coordinates": [
          29.0330125,
          40.9843299
        ]
      },
      "id": "node/9670079917"
    },
    {
      "type": "Feature",
      "properties": {
        "@id": "node/9670693025",
        "amenity": "cafe",
        "cuisine": "tea",
        "name": "Moda Cay Evi"
      },
      "geometry": {
        "type": "Point",
        "coordinates": [
          29.0252562,
          40.9894566
        ]
      },
      "id": "node/9670693025"
    },
    {
      "type": "Feature",
      "properties": {
        "@id": "node/9689605417",
        "amenity": "cafe",
        "name:en": "Frogy"
      },
      "geometry": {
        "type": "Point",
        "coordinates": [
          29.0349157,
          40.9868781
        ]
      },
      "id": "node/9689605417"
    },
    {
      "type": "Feature",
      "properties": {
        "@id": "node/9691754017",
        "amenity": "cafe",
        "name": "kara kedi"
      },
      "geometry": {
        "type": "Point",
        "coordinates": [
          29.0235094,
          40.9812477
        ]
      },
      "id": "node/9691754017"
    },
    {
      "type": "Feature",
      "properties": {
        "@id": "node/9691764117",
        "amenity": "cafe",
        "name": "Horse"
      },
      "geometry": {
        "type": "Point",
        "coordinates": [
          29.0264242,
          40.9840416
        ]
      },
      "id": "node/9691764117"
    },
    {
      "type": "Feature",
      "properties": {
        "@id": "node/9691771717",
        "amenity": "cafe",
        "cuisine": "pizza",
        "name": "Artisan craft"
      },
      "geometry": {
        "type": "Point",
        "coordinates": [
          29.0263347,
          40.9840817
        ]
      },
      "id": "node/9691771717"
    },
    {
      "type": "Feature",
      "properties": {
        "@id": "node/9691791017",
        "amenity": "cafe"
      },
      "geometry": {
        "type": "Point",
        "coordinates": [
          29.0249889,
          40.9845853
        ]
      },
      "id": "node/9691791017"
    },
    {
      "type": "Feature",
      "properties": {
        "@id": "node/9691791417",
        "amenity": "cafe",
        "name": "Tribu"
      },
      "geometry": {
        "type": "Point",
        "coordinates": [
          29.0248852,
          40.9846148
        ]
      },
      "id": "node/9691791417"
    },
    {
      "type": "Feature",
      "properties": {
        "@id": "node/9693172864",
        "amenity": "cafe",
        "name": "Cafe's"
      },
      "geometry": {
        "type": "Point",
        "coordinates": [
          29.0512152,
          40.9836871
        ]
      },
      "id": "node/9693172864"
    },
    {
      "type": "Feature",
      "properties": {
        "@id": "node/9697333717",
        "amenity": "cafe",
        "check_date": "2023-11-22",
        "name": "Noir pitt"
      },
      "geometry": {
        "type": "Point",
        "coordinates": [
          29.0277686,
          40.9848186
        ]
      },
      "id": "node/9697333717"
    },
    {
      "type": "Feature",
      "properties": {
        "@id": "node/9697333818",
        "amenity": "cafe",
        "name": "Tchibo",
        "name:en": "Coffee passion"
      },
      "geometry": {
        "type": "Point",
        "coordinates": [
          29.0285838,
          40.9873574
        ]
      },
      "id": "node/9697333818"
    },
    {
      "type": "Feature",
      "properties": {
        "@id": "node/9697333917",
        "amenity": "cafe",
        "name": "Da Vita coffee"
      },
      "geometry": {
        "type": "Point",
        "coordinates": [
          29.0287856,
          40.9882728
        ]
      },
      "id": "node/9697333917"
    },
    {
      "type": "Feature",
      "properties": {
        "@id": "node/9697334217",
        "amenity": "cafe",
        "name": "Ankara Pastanesi"
      },
      "geometry": {
        "type": "Point",
        "coordinates": [
          29.0290776,
          40.9898467
        ]
      },
      "id": "node/9697334217"
    },
    {
      "type": "Feature",
      "properties": {
        "@id": "node/9726111717",
        "amenity": "cafe",
        "brand": "Mado",
        "brand:wikidata": "Q17116336",
        "cuisine": "coffee_shop",
        "internet_access": "wlan",
        "name": "Mado",
        "takeaway": "yes"
      },
      "geometry": {
        "type": "Point",
        "coordinates": [
          29.0258506,
          40.9910975
        ]
      },
      "id": "node/9726111717"
    },
    {
      "type": "Feature",
      "properties": {
        "@id": "node/9732319817",
        "amenity": "cafe",
        "name": "Rafine"
      },
      "geometry": {
        "type": "Point",
        "coordinates": [
          29.023456,
          40.980381
        ]
      },
      "id": "node/9732319817"
    },
    {
      "type": "Feature",
      "properties": {
        "@id": "node/9760087717",
        "amenity": "cafe",
        "name": "Likya Cafe"
      },
      "geometry": {
        "type": "Point",
        "coordinates": [
          29.075178,
          40.9794443
        ]
      },
      "id": "node/9760087717"
    },
    {
      "type": "Feature",
      "properties": {
        "@id": "node/9769611490",
        "amenity": "cafe",
        "name": "Umut Cafe"
      },
      "geometry": {
        "type": "Point",
        "coordinates": [
          29.0296684,
          40.9924586
        ]
      },
      "id": "node/9769611490"
    },
    {
      "type": "Feature",
      "properties": {
        "@id": "node/9786517770",
        "addr:city": "İstanbul",
        "addr:district": "Kadıköy",
        "addr:housenumber": "19B",
        "addr:neighbourhood": "Rasimpaşa Mahallesi",
        "addr:street": "Karakolhane Caddesi",
        "amenity": "cafe",
        "name": "Bizim Kitap Kafe"
      },
      "geometry": {
        "type": "Point",
        "coordinates": [
          29.0296629,
          40.9944052
        ]
      },
      "id": "node/9786517770"
    },
    {
      "type": "Feature",
      "properties": {
        "@id": "node/9786517775",
        "addr:city": "İstanbul",
        "addr:district": "Kadıköy",
        "addr:housenumber": "25-27c",
        "addr:neighbourhood": "Rasimpaşa Mahallesi",
        "addr:street": "Karakolhane Caddesi",
        "amenity": "cafe",
        "name": "Sobe Cafe"
      },
      "geometry": {
        "type": "Point",
        "coordinates": [
          29.029453,
          40.9947606
        ]
      },
      "id": "node/9786517775"
    },
    {
      "type": "Feature",
      "properties": {
        "@id": "node/9786517783",
        "amenity": "cafe",
        "name": "Kamarad Coffe Roastery"
      },
      "geometry": {
        "type": "Point",
        "coordinates": [
          29.0295329,
          40.9953292
        ]
      },
      "id": "node/9786517783"
    },
    {
      "type": "Feature",
      "properties": {
        "@id": "node/9786517784",
        "amenity": "cafe",
        "name": "Hatrı View Cafe ve Restoran"
      },
      "geometry": {
        "type": "Point",
        "coordinates": [
          29.0294114,
          40.9948531
        ]
      },
      "id": "node/9786517784"
    },
    {
      "type": "Feature",
      "properties": {
        "@id": "node/9786517785",
        "amenity": "cafe",
        "name": "Choice"
      },
      "geometry": {
        "type": "Point",
        "coordinates": [
          29.0293795,
          40.9949182
        ]
      },
      "id": "node/9786517785"
    },
    {
      "type": "Feature",
      "properties": {
        "@id": "node/9790919115",
        "addr:housenumber": "44B",
        "addr:street": "Kırtasiyeci Sokak",
        "amenity": "cafe",
        "description": "Soup joint with side dishes. Includes vegan option.",
        "name": "Peripeteia",
        "opening_hours": "Mo, We-Fr 10:00-02:00; Sa, Su 10:00-04:00",
        "phone": "+90263370793",
        "smoking": "outside"
      },
      "geometry": {
        "type": "Point",
        "coordinates": [
          29.0285035,
          40.9900965
        ]
      },
      "id": "node/9790919115"
    },
    {
      "type": "Feature",
      "properties": {
        "@id": "node/9803629620",
        "amenity": "cafe",
        "name": "Bykush"
      },
      "geometry": {
        "type": "Point",
        "coordinates": [
          29.0233842,
          40.9841153
        ]
      },
      "id": "node/9803629620"
    },
    {
      "type": "Feature",
      "properties": {
        "@id": "node/9823730532",
        "addr:city": "İstanbul",
        "addr:district": "Kadıköy",
        "addr:neighbourhood": "Rasimpaşa Mahallesi",
        "addr:street": "Karakolhane Caddesi",
        "amenity": "cafe",
        "name": "Black Coffee Co."
      },
      "geometry": {
        "type": "Point",
        "coordinates": [
          29.0291325,
          40.996148
        ]
      },
      "id": "node/9823730532"
    },
    {
      "type": "Feature",
      "properties": {
        "@id": "node/9823730553",
        "addr:city": "İstanbul",
        "addr:district": "Kadıköy",
        "addr:neighbourhood": "Rasimpaşa Mahallesi",
        "addr:street": "Macit Erbudak Sokağı",
        "amenity": "cafe",
        "name": "Boyoz Dükkan"
      },
      "geometry": {
        "type": "Point",
        "coordinates": [
          29.0292089,
          40.9971237
        ]
      },
      "id": "node/9823730553"
    },
    {
      "type": "Feature",
      "properties": {
        "@id": "node/9839042505",
        "amenity": "cafe",
        "name": "Piya Caffe"
      },
      "geometry": {
        "type": "Point",
        "coordinates": [
          29.0271496,
          40.9900006
        ]
      },
      "id": "node/9839042505"
    },
    {
      "type": "Feature",
      "properties": {
        "@id": "node/9857551517",
        "amenity": "cafe",
        "name": "Peron"
      },
      "geometry": {
        "type": "Point",
        "coordinates": [
          29.0230349,
          40.9840415
        ]
      },
      "id": "node/9857551517"
    },
    {
      "type": "Feature",
      "properties": {
        "@id": "node/9857551518",
        "air_conditioning": "no",
        "amenity": "cafe",
        "indoor_seating": "yes",
        "name": "An cafe",
        "opening_hours": "Mo-Fr 10:00-23:00; Sa,Su 10:00-24:00",
        "outdoor_seating": "yes",
        "smoking": "outside"
      },
      "geometry": {
        "type": "Point",
        "coordinates": [
          29.0231374,
          40.984014
        ]
      },
      "id": "node/9857551518"
    },
    {
      "type": "Feature",
      "properties": {
        "@id": "node/9869763118",
        "amenity": "cafe",
        "name": "Dondurma"
      },
      "geometry": {
        "type": "Point",
        "coordinates": [
          29.0224133,
          40.9878677
        ]
      },
      "id": "node/9869763118"
    },
    {
      "type": "Feature",
      "properties": {
        "@id": "node/9869795119",
        "amenity": "cafe",
        "name": "Bahçe"
      },
      "geometry": {
        "type": "Point",
        "coordinates": [
          29.0230098,
          40.9887331
        ]
      },
      "id": "node/9869795119"
    },
    {
      "type": "Feature",
      "properties": {
        "@id": "node/9869795120",
        "amenity": "cafe",
        "name": "Asya cafe"
      },
      "geometry": {
        "type": "Point",
        "coordinates": [
          29.0223448,
          40.9888051
        ]
      },
      "id": "node/9869795120"
    },
    {
      "type": "Feature",
      "properties": {
        "@id": "node/9869800018",
        "amenity": "cafe",
        "name": "Baraka cafe"
      },
      "geometry": {
        "type": "Point",
        "coordinates": [
          29.0223798,
          40.9888485
        ]
      },
      "id": "node/9869800018"
    },
    {
      "type": "Feature",
      "properties": {
        "@id": "node/9869800117",
        "amenity": "cafe",
        "name": "Boom Chocolate Coffee",
        "name:en": "Boom chocolate coffee"
      },
      "geometry": {
        "type": "Point",
        "coordinates": [
          29.0224031,
          40.9888844
        ]
      },
      "id": "node/9869800117"
    },
    {
      "type": "Feature",
      "properties": {
        "@id": "node/9869852017",
        "amenity": "cafe",
        "check_date": "2023-11-30",
        "name": "6üstü cafe"
      },
      "geometry": {
        "type": "Point",
        "coordinates": [
          29.0235237,
          40.9882885
        ]
      },
      "id": "node/9869852017"
    },
    {
      "type": "Feature",
      "properties": {
        "@id": "node/9896521917",
        "amenity": "cafe",
        "name:en": "Tilki Coffee"
      },
      "geometry": {
        "type": "Point",
        "coordinates": [
          29.0215205,
          40.9837924
        ]
      },
      "id": "node/9896521917"
    },
    {
      "type": "Feature",
      "properties": {
        "@id": "node/9935669318",
        "amenity": "cafe",
        "name:en": "Cream & Puff"
      },
      "geometry": {
        "type": "Point",
        "coordinates": [
          29.042031,
          40.9735203
        ]
      },
      "id": "node/9935669318"
    },
    {
      "type": "Feature",
      "properties": {
        "@id": "node/9935669418",
        "amenity": "cafe",
        "name:en": "William’s Roastery"
      },
      "geometry": {
        "type": "Point",
        "coordinates": [
          29.0419094,
          40.9734177
        ]
      },
      "id": "node/9935669418"
    },
    {
      "type": "Feature",
      "properties": {
        "@id": "node/9935670617",
        "amenity": "cafe",
        "name": "Suppla"
      },
      "geometry": {
        "type": "Point",
        "coordinates": [
          29.0419648,
          40.9734585
        ]
      },
      "id": "node/9935670617"
    },
    {
      "type": "Feature",
      "properties": {
        "@id": "node/9945339050",
        "addr:street": "Dr. İhsan Ünlüler Sokak",
        "amenity": "cafe",
        "name": "Moda Da Nata"
      },
      "geometry": {
        "type": "Point",
        "coordinates": [
          29.0273126,
          40.9859545
        ]
      },
      "id": "node/9945339050"
    },
    {
      "type": "Feature",
      "properties": {
        "@id": "node/9965481717",
        "amenity": "cafe",
        "diet:vegetarian": "yes",
        "name:en": "Salve",
        "opening_hours": "Tu-Su 10:30-20:30"
      },
      "geometry": {
        "type": "Point",
        "coordinates": [
          29.0275569,
          40.9890312
        ]
      },
      "id": "node/9965481717"
    },
    {
      "type": "Feature",
      "properties": {
        "@id": "node/10012895957",
        "addr:city": "İstanbul",
        "addr:district": "Kadıköy",
        "addr:housenumber": "46",
        "addr:neighbourhood": "Osmanağa Mahallesi",
        "addr:postcode": "34714",
        "addr:street": "Yoğurtçu Parkı Caddesi",
        "amenity": "cafe",
        "check_date": "2023-11-21",
        "cuisine": "coffee_shop",
        "name": "Hey Joe",
        "outdoor_seating": "yes",
        "payment:mastercard": "yes",
        "payment:visa": "yes"
      },
      "geometry": {
        "type": "Point",
        "coordinates": [
          29.0330599,
          40.9853202
        ]
      },
      "id": "node/10012895957"
    },
    {
      "type": "Feature",
      "properties": {
        "@id": "node/10042514270",
        "addr:city": "İstanbul",
        "addr:district": "Kadıköy",
        "addr:housenumber": "59",
        "addr:neighbourhood": "Fenerbahçe Mahallesi",
        "addr:postcode": "34726",
        "addr:street": "Fener Kalamış Caddesi",
        "amenity": "cafe",
        "name": "Kalamissia",
        "phone": "+90 216 700 22 98",
        "website": "https://www.kalamissia.com/"
      },
      "geometry": {
        "type": "Point",
        "coordinates": [
          29.0425276,
          40.9744607
        ]
      },
      "id": "node/10042514270"
    },
    {
      "type": "Feature",
      "properties": {
        "@id": "node/10049126401",
        "addr:city": "Istanbul",
        "addr:district": "Kadıköy",
        "addr:housenumber": "14",
        "addr:neighbourhood": "Fenerbahçe Mahallesi",
        "addr:postcode": "34726",
        "addr:street": "Lalezar Sokağı",
        "amenity": "cafe",
        "name": "Fern Cafe",
        "website": "https://fern.ist/"
      },
      "geometry": {
        "type": "Point",
        "coordinates": [
          29.0471808,
          40.9746528
        ]
      },
      "id": "node/10049126401"
    },
    {
      "type": "Feature",
      "properties": {
        "@id": "node/10051048917",
        "amenity": "cafe"
      },
      "geometry": {
        "type": "Point",
        "coordinates": [
          29.0307968,
          40.9892282
        ]
      },
      "id": "node/10051048917"
    },
    {
      "type": "Feature",
      "properties": {
        "@id": "node/10074452417",
        "addr:city": "İstanbul",
        "addr:district": "Kadıköy",
        "addr:housenumber": "3/A",
        "addr:neighbourhood": "Caferağa Mahallesi",
        "addr:postcode": "34710",
        "addr:street": "Ağabey Sokağı",
        "amenity": "cafe",
        "contact:instagram": "pisimutfakmoda",
        "cuisine": "turkish",
        "name": "Piși Mutfak",
        "opening_hours": "Tu-Su 08:00-18:00"
      },
      "geometry": {
        "type": "Point",
        "coordinates": [
          29.0249594,
          40.9846625
        ]
      },
      "id": "node/10074452417"
    },
    {
      "type": "Feature",
      "properties": {
        "@id": "node/10079649718",
        "amenity": "cafe",
        "name": "totis"
      },
      "geometry": {
        "type": "Point",
        "coordinates": [
          29.0252925,
          40.9863023
        ]
      },
      "id": "node/10079649718"
    },
    {
      "type": "Feature",
      "properties": {
        "@id": "node/10079759117",
        "amenity": "cafe",
        "name": "Eye Opia"
      },
      "geometry": {
        "type": "Point",
        "coordinates": [
          29.0243313,
          40.9874561
        ]
      },
      "id": "node/10079759117"
    },
    {
      "type": "Feature",
      "properties": {
        "@id": "node/10091841117",
        "amenity": "cafe",
        "name": "Beyaz Fırın"
      },
      "geometry": {
        "type": "Point",
        "coordinates": [
          29.0236817,
          40.9834172
        ]
      },
      "id": "node/10091841117"
    },
    {
      "type": "Feature",
      "properties": {
        "@id": "node/10129597117",
        "amenity": "cafe",
        "contact:facebook": "https://facebook.com/odessasahaf/",
        "contact:instagram": "https://www.instagram.com/odessa.sahaf/",
        "name": "Odessa Sahaf",
        "name:en": "Odessa Sahaf",
        "shop": "books"
      },
      "geometry": {
        "type": "Point",
        "coordinates": [
          29.0285151,
          40.9940232
        ]
      },
      "id": "node/10129597117"
    },
    {
      "type": "Feature",
      "properties": {
        "@id": "node/10143132001",
        "amenity": "cafe",
        "name": "Coffy"
      },
      "geometry": {
        "type": "Point",
        "coordinates": [
          29.0289317,
          40.9899616
        ]
      },
      "id": "node/10143132001"
    },
    {
      "type": "Feature",
      "properties": {
        "@id": "node/10143132006",
        "amenity": "cafe",
        "name": "Bi'Kahve"
      },
      "geometry": {
        "type": "Point",
        "coordinates": [
          29.0648075,
          40.9826228
        ]
      },
      "id": "node/10143132006"
    },
    {
      "type": "Feature",
      "properties": {
        "@id": "node/10149337917",
        "amenity": "cafe",
        "name": "Mooda'da"
      },
      "geometry": {
        "type": "Point",
        "coordinates": [
          29.0234548,
          40.9887741
        ]
      },
      "id": "node/10149337917"
    },
    {
      "type": "Feature",
      "properties": {
        "@id": "node/10149337921",
        "amenity": "cafe",
        "name": "Icanna"
      },
      "geometry": {
        "type": "Point",
        "coordinates": [
          29.0277242,
          40.9876701
        ]
      },
      "id": "node/10149337921"
    },
    {
      "type": "Feature",
      "properties": {
        "@id": "node/10149339317",
        "addr:housenumber": "29A",
        "addr:street": "Nail Bey Sokağı",
        "amenity": "cafe",
        "name": "Cherie"
      },
      "geometry": {
        "type": "Point",
        "coordinates": [
          29.0260141,
          40.9886398
        ]
      },
      "id": "node/10149339317"
    },
    {
      "type": "Feature",
      "properties": {
        "@id": "node/10168814517",
        "amenity": "cafe",
        "name": "Kava coffee"
      },
      "geometry": {
        "type": "Point",
        "coordinates": [
          29.0237879,
          40.9856288
        ]
      },
      "id": "node/10168814517"
    },
    {
      "type": "Feature",
      "properties": {
        "@id": "node/10168814818",
        "amenity": "cafe",
        "name": "Rop roomy"
      },
      "geometry": {
        "type": "Point",
        "coordinates": [
          29.0264863,
          40.9850207
        ]
      },
      "id": "node/10168814818"
    },
    {
      "type": "Feature",
      "properties": {
        "@id": "node/10168814819",
        "addr:housenumber": "22A",
        "addr:street": "Dr. Esat Işık Caddesi",
        "amenity": "cafe",
        "name": "Pazar"
      },
      "geometry": {
        "type": "Point",
        "coordinates": [
          29.0261011,
          40.9856365
        ]
      },
      "id": "node/10168814819"
    },
    {
      "type": "Feature",
      "properties": {
        "@id": "node/10168814917",
        "amenity": "cafe",
        "name": "Manifesto"
      },
      "geometry": {
        "type": "Point",
        "coordinates": [
          29.0261409,
          40.9855785
        ]
      },
      "id": "node/10168814917"
    },
    {
      "type": "Feature",
      "properties": {
        "@id": "node/10168826817",
        "amenity": "cafe",
        "name": "Vicolo"
      },
      "geometry": {
        "type": "Point",
        "coordinates": [
          29.0243166,
          40.9866015
        ]
      },
      "id": "node/10168826817"
    },
    {
      "type": "Feature",
      "properties": {
        "@id": "node/10178065075",
        "addr:street": "Kırtasiyeci Sokak",
        "amenity": "cafe",
        "name": "Marud Sahaf Kahve"
      },
      "geometry": {
        "type": "Point",
        "coordinates": [
          29.0264583,
          40.9902769
        ]
      },
      "id": "node/10178065075"
    },
    {
      "type": "Feature",
      "properties": {
        "@id": "node/10178080412",
        "amenity": "cafe",
        "name": "Munzur Vadisi"
      },
      "geometry": {
        "type": "Point",
        "coordinates": [
          29.0268703,
          40.9903608
        ]
      },
      "id": "node/10178080412"
    },
    {
      "type": "Feature",
      "properties": {
        "@id": "node/10178082025",
        "addr:housenumber": "15A",
        "addr:street": "Hünkar Sokağı",
        "amenity": "cafe",
        "description": "The place doesn't have a name, I named it.",
        "name": "Mahalle Kahvesi"
      },
      "geometry": {
        "type": "Point",
        "coordinates": [
          29.0230936,
          40.9840302
        ]
      },
      "id": "node/10178082025"
    },
    {
      "type": "Feature",
      "properties": {
        "@id": "node/10185578217",
        "addr:housenumber": "88",
        "amenity": "cafe",
        "name:en": "Meta House"
      },
      "geometry": {
        "type": "Point",
        "coordinates": [
          29.0251374,
          40.9858915
        ]
      },
      "id": "node/10185578217"
    },
    {
      "type": "Feature",
      "properties": {
        "@id": "node/10189031720",
        "amenity": "cafe",
        "cuisine": "indian;turkish",
        "name": "Sinurcafe"
      },
      "geometry": {
        "type": "Point",
        "coordinates": [
          29.0299942,
          40.9946868
        ]
      },
      "id": "node/10189031720"
    },
    {
      "type": "Feature",
      "properties": {
        "@id": "node/10209468918",
        "amenity": "cafe",
        "name": "Madness Coffee Co.",
        "name:en": "Goeswell"
      },
      "geometry": {
        "type": "Point",
        "coordinates": [
          29.0276691,
          40.9887235
        ]
      },
      "id": "node/10209468918"
    },
    {
      "type": "Feature",
      "properties": {
        "@id": "node/10209469417",
        "amenity": "cafe",
        "name": "Moloko"
      },
      "geometry": {
        "type": "Point",
        "coordinates": [
          29.0272832,
          40.9889701
        ]
      },
      "id": "node/10209469417"
    },
    {
      "type": "Feature",
      "properties": {
        "@id": "node/10209469517",
        "amenity": "cafe",
        "name": "Barros"
      },
      "geometry": {
        "type": "Point",
        "coordinates": [
          29.0263488,
          40.9877187
        ]
      },
      "id": "node/10209469517"
    },
    {
      "type": "Feature",
      "properties": {
        "@id": "node/10210141528",
        "addr:housenumber": "62",
        "addr:street": "Piri Çavuş Sokağı",
        "amenity": "cafe",
        "name": "Coffee station"
      },
      "geometry": {
        "type": "Point",
        "coordinates": [
          29.0268968,
          40.9886716
        ]
      },
      "id": "node/10210141528"
    },
    {
      "type": "Feature",
      "properties": {
        "@id": "node/10211334161",
        "addr:housenumber": "22",
        "addr:street": "Piri Çavuş Sokağı",
        "amenity": "cafe",
        "check_date": "2024-09-21",
        "name": "Cafe De Kadıköy",
        "outdoor_seating": "yes"
      },
      "geometry": {
        "type": "Point",
        "coordinates": [
          29.0281463,
          40.9889638
        ]
      },
      "id": "node/10211334161"
    },
    {
      "type": "Feature",
      "properties": {
        "@id": "node/10211334163",
        "addr:floor": "G",
        "addr:housenumber": "26",
        "addr:street": "Piri Çavuş Sokağı",
        "amenity": "cafe",
        "check_date": "2024-09-21",
        "level": "0",
        "name": "Leylek",
        "outdoor_seating": "yes"
      },
      "geometry": {
        "type": "Point",
        "coordinates": [
          29.0283008,
          40.9888841
        ]
      },
      "id": "node/10211334163"
    },
    {
      "type": "Feature",
      "properties": {
        "@id": "node/10221075594",
        "addr:housenumber": "83/A",
        "addr:street": "Karakolhane Sokak",
        "amenity": "cafe",
        "name": "Sierra Kitap & Cafe"
      },
      "geometry": {
        "type": "Point",
        "coordinates": [
          29.0289441,
          40.997337
        ]
      },
      "id": "node/10221075594"
    },
    {
      "type": "Feature",
      "properties": {
        "@id": "node/10221471760",
        "amenity": "cafe",
        "name": "Coffee Manifesto"
      },
      "geometry": {
        "type": "Point",
        "coordinates": [
          29.0283722,
          40.9956125
        ]
      },
      "id": "node/10221471760"
    },
    {
      "type": "Feature",
      "properties": {
        "@id": "node/10238228110",
        "amenity": "cafe",
        "check_date": "2023-11-21",
        "diet:vegan": "yes",
        "name:en": "Sisters & Harvest"
      },
      "geometry": {
        "type": "Point",
        "coordinates": [
          29.0293364,
          40.9840112
        ]
      },
      "id": "node/10238228110"
    },
    {
      "type": "Feature",
      "properties": {
        "@id": "node/10284472991",
        "amenity": "cafe",
        "check_date": "2022-12-24",
        "internet_access": "wlan",
        "internet_access:fee": "customers",
        "internet_access:ssid": "Roots",
        "name": "Roots Corner",
        "outdoor_seating": "yes",
        "payment:mastercard": "yes",
        "payment:visa": "yes",
        "wheelchair": "no"
      },
      "geometry": {
        "type": "Point",
        "coordinates": [
          29.0286752,
          40.9940835
        ]
      },
      "id": "node/10284472991"
    },
    {
      "type": "Feature",
      "properties": {
        "@id": "node/10538987187",
        "addr:city": "İstanbul",
        "addr:district": "Kadıköy",
        "addr:housenumber": "39/1A/1",
        "addr:neighbourhood": "Rasimpaşa Mahallesi",
        "addr:postcode": "34716",
        "addr:street": "İskele Sokağı",
        "amenity": "cafe",
        "check_date:currency:XBT": "2024-05-12",
        "contact:instagram": "https://www.instagram.com/dino_breakfastcafe/",
        "currency:XBT": "yes",
        "name": "Dino Breakfast Cafe",
        "payment:lightning": "yes",
        "payment:onchain": "yes",
        "phone": "+905452885115",
        "survey:date": "2023-01-11"
      },
      "geometry": {
        "type": "Point",
        "coordinates": [
          29.0273553,
          40.9962949
        ]
      },
      "id": "node/10538987187"
    },
    {
      "type": "Feature",
      "properties": {
        "@id": "node/10555401085",
        "amenity": "cafe",
        "name": "Cafe 68",
        "opening_hours": "Mo-Su 10:00-23:00"
      },
      "geometry": {
        "type": "Point",
        "coordinates": [
          29.0273964,
          40.9937113
        ]
      },
      "id": "node/10555401085"
    },
    {
      "type": "Feature",
      "properties": {
        "@id": "node/10556293738",
        "amenity": "cafe",
        "cuisine": "dumpling",
        "name": "Mantı Ve Gözleme Evi Organik Cafe"
      },
      "geometry": {
        "type": "Point",
        "coordinates": [
          29.0275328,
          40.9922765
        ]
      },
      "id": "node/10556293738"
    },
    {
      "type": "Feature",
      "properties": {
        "@id": "node/10556293968",
        "amenity": "cafe",
        "cuisine": "coffee_shop",
        "name": "Malavita Coffee"
      },
      "geometry": {
        "type": "Point",
        "coordinates": [
          29.0281064,
          40.9888099
        ]
      },
      "id": "node/10556293968"
    },
    {
      "type": "Feature",
      "properties": {
        "@id": "node/10556391496",
        "amenity": "cafe",
        "name": "Aura Cafe"
      },
      "geometry": {
        "type": "Point",
        "coordinates": [
          29.0268286,
          40.9898249
        ]
      },
      "id": "node/10556391496"
    },
    {
      "type": "Feature",
      "properties": {
        "@id": "node/10556399413",
        "amenity": "cafe",
        "cuisine": "kebab",
        "name": "Dürümcü Lütfi"
      },
      "geometry": {
        "type": "Point",
        "coordinates": [
          29.0269764,
          40.9895358
        ]
      },
      "id": "node/10556399413"
    },
    {
      "type": "Feature",
      "properties": {
        "@id": "node/10556409674",
        "amenity": "cafe",
        "cuisine": "waffle",
        "name": "Kemal Usta Waffles"
      },
      "geometry": {
        "type": "Point",
        "coordinates": [
          29.0247805,
          40.9891879
        ]
      },
      "id": "node/10556409674"
    },
    {
      "type": "Feature",
      "properties": {
        "@id": "node/10556468224",
        "amenity": "cafe",
        "club": "board_games",
        "contact:instagram": "goblinoyunkulubu",
        "name": "Goblin Oyun Kulübü",
        "name:en": "Goblin Club",
        "opening_hours": "Mo-Su 11:30-22:30",
        "phone": "+90 532 061 08 33",
        "shop": "games",
        "website": "https://www.goblin-store.com/"
      },
      "geometry": {
        "type": "Point",
        "coordinates": [
          29.0255188,
          40.9888252
        ]
      },
      "id": "node/10556468224"
    },
    {
      "type": "Feature",
      "properties": {
        "@id": "node/10583323705",
        "amenity": "cafe",
        "name": "Madamin kahvesi"
      },
      "geometry": {
        "type": "Point",
        "coordinates": [
          29.0235554,
          40.9813212
        ]
      },
      "id": "node/10583323705"
    },
    {
      "type": "Feature",
      "properties": {
        "@id": "node/10607955759",
        "addr:city": "İstanbul",
        "addr:district": "Kadıköy",
        "addr:housenumber": "30",
        "addr:neighbourhood": "Feneryolu Mahallesi",
        "addr:postcode": "34724",
        "addr:street": "Mazhar Osman Sokağı",
        "amenity": "cafe",
        "name": "Red Train",
        "wheelchair": "yes"
      },
      "geometry": {
        "type": "Point",
        "coordinates": [
          29.0505288,
          40.9826716
        ]
      },
      "id": "node/10607955759"
    },
    {
      "type": "Feature",
      "properties": {
        "@id": "node/10611567806",
        "amenity": "cafe",
        "name": "Coffe pots"
      },
      "geometry": {
        "type": "Point",
        "coordinates": [
          29.0250039,
          40.9887235
        ]
      },
      "id": "node/10611567806"
    },
    {
      "type": "Feature",
      "properties": {
        "@id": "node/10669255269",
        "addr:city": "İstanbul",
        "addr:district": "Kadıköy",
        "addr:housenumber": "37",
        "addr:neighbourhood": "Göztepe Mahallesi",
        "addr:postcode": "34730",
        "addr:street": "Ömerpaşa Sokağı",
        "amenity": "cafe",
        "name": "Ümit Pastanesi",
        "website": "https://www.umitpastanesi.com.tr/iletisim-bilgilerimiz/"
      },
      "geometry": {
        "type": "Point",
        "coordinates": [
          29.0691375,
          40.9730953
        ]
      },
      "id": "node/10669255269"
    },
    {
      "type": "Feature",
      "properties": {
        "@id": "node/10682718297",
        "addr:city": "İstanbul",
        "addr:district": "üsküdar",
        "addr:housenumber": "119",
        "addr:neighbourhood": "Acıbadem",
        "addr:postcode": "34718",
        "addr:street": "Acıbadem Caddesi",
        "amenity": "cafe",
        "internet_access": "yes",
        "internet_access:fee": "no",
        "name": "Kaffee Schütz",
        "outdoor_seating": "yes",
        "website": "https://www.kaffeeschutz.com/"
      },
      "geometry": {
        "type": "Point",
        "coordinates": [
          29.0469639,
          41.0066401
        ]
      },
      "id": "node/10682718297"
    },
    {
      "type": "Feature",
      "properties": {
        "@id": "node/10685237529",
        "addr:city": "İstanbul",
        "addr:district": "Kadıköy",
        "addr:housenumber": "80",
        "addr:neighbourhood": "Koşuyolu",
        "addr:postcode": "34718",
        "addr:street": "Koşuyolu Caddesi",
        "amenity": "cafe",
        "cuisine": "coffee_shop",
        "internet_access": "yes",
        "internet_access:fee": "no",
        "internet_access:ssid": "SCHUTZ",
        "name": "Kaffee Schütz",
        "outdoor_seating": "yes",
        "website": "https://www.kaffeeschutz.com/"
      },
      "geometry": {
        "type": "Point",
        "coordinates": [
          29.0368813,
          41.0094007
        ]
      },
      "id": "node/10685237529"
    },
    {
      "type": "Feature",
      "properties": {
        "@id": "node/10772997005",
        "addr:street": "Dr. Faruk Ayanoğlu Caddesi",
        "amenity": "cafe",
        "name": "Bioterra Organic Cafe"
      },
      "geometry": {
        "type": "Point",
        "coordinates": [
          29.0447563,
          40.9730044
        ]
      },
      "id": "node/10772997005"
    },
    {
      "type": "Feature",
      "properties": {
        "@id": "node/10780384905",
        "addr:housenumber": "35",
        "addr:postcode": "34716",
        "addr:street": "Misak-ı Milli Sokağı",
        "amenity": "cafe",
        "contact:instagram": "grao.cafeteria",
        "diet:vegetarian": "yes",
        "internet_access": "wlan",
        "name:en": "grao.cafeteria",
        "name:ru": "грао",
        "opening_hours": "Mo-Su 08:00-22:00"
      },
      "geometry": {
        "type": "Point",
        "coordinates": [
          29.0269222,
          40.993264
        ]
      },
      "id": "node/10780384905"
    },
    {
      "type": "Feature",
      "properties": {
        "@id": "node/10866138000",
        "addr:housenumber": "11A",
        "addr:street": "Hacı Şükrü Sokağı",
        "amenity": "cafe",
        "name": "Cafe&Shop"
      },
      "geometry": {
        "type": "Point",
        "coordinates": [
          29.0274777,
          40.9867015
        ]
      },
      "id": "node/10866138000"
    },
    {
      "type": "Feature",
      "properties": {
        "@id": "node/10866196703",
        "amenity": "cafe",
        "name": "Corto Coffee"
      },
      "geometry": {
        "type": "Point",
        "coordinates": [
          29.0296913,
          40.9865012
        ]
      },
      "id": "node/10866196703"
    },
    {
      "type": "Feature",
      "properties": {
        "@id": "node/10866262703",
        "addr:housenumber": "62A",
        "addr:street": "Karakolhane Caddesi",
        "amenity": "cafe",
        "cuisine": "coffee_shop",
        "indoor_seating": "yes",
        "internet_access": "yes",
        "internet_access:fee": "no",
        "level": "0",
        "name": "Altkat Coffee Community",
        "outdoor_seating": "yes",
        "smoking": "outside",
        "takeaway": "yes",
        "website": "https://altkatcoffee.com",
        "wheelchair": "limited"
      },
      "geometry": {
        "type": "Point",
        "coordinates": [
          29.0293239,
          40.9961003
        ]
      },
      "id": "node/10866262703"
    },
    {
      "type": "Feature",
      "properties": {
        "@id": "node/10866697296",
        "addr:city": "İstanbul",
        "addr:district": "Kadıköy",
        "addr:housenumber": "20",
        "addr:neighbourhood": "Caferağa Mahallesi",
        "addr:postcode": "34710",
        "addr:street": "Ressam Şeref Akdik Sokağı",
        "amenity": "cafe",
        "name": "İstasyon Cafe"
      },
      "geometry": {
        "type": "Point",
        "coordinates": [
          29.0259228,
          40.9853769
        ]
      },
      "id": "node/10866697296"
    },
    {
      "type": "Feature",
      "properties": {
        "@id": "node/10906431847",
        "addr:street": "Piri Çavuş Eokağı",
        "amenity": "cafe",
        "name": "Roza Cafe"
      },
      "geometry": {
        "type": "Point",
        "coordinates": [
          29.0275228,
          40.9887185
        ]
      },
      "id": "node/10906431847"
    },
    {
      "type": "Feature",
      "properties": {
        "@id": "node/10924163105",
        "amenity": "cafe",
        "name:en": "Tatar-Salim"
      },
      "geometry": {
        "type": "Point",
        "coordinates": [
          29.0244299,
          40.9895661
        ]
      },
      "id": "node/10924163105"
    },
    {
      "type": "Feature",
      "properties": {
        "@id": "node/11007661901",
        "amenity": "cafe",
        "name": "Vazgal Cafe"
      },
      "geometry": {
        "type": "Point",
        "coordinates": [
          29.0256114,
          40.9873298
        ]
      },
      "id": "node/11007661901"
    },
    {
      "type": "Feature",
      "properties": {
        "@id": "node/11013692997",
        "amenity": "cafe",
        "name": "Bitter Blue"
      },
      "geometry": {
        "type": "Point",
        "coordinates": [
          29.0263012,
          40.985316
        ]
      },
      "id": "node/11013692997"
    },
    {
      "type": "Feature",
      "properties": {
        "@id": "node/11015008111",
        "amenity": "cafe",
        "name": "Yüce Büfe"
      },
      "geometry": {
        "type": "Point",
        "coordinates": [
          29.0296913,
          40.9927411
        ]
      },
      "id": "node/11015008111"
    },
    {
      "type": "Feature",
      "properties": {
        "@id": "node/11026353639",
        "amenity": "cafe",
        "name": "Page"
      },
      "geometry": {
        "type": "Point",
        "coordinates": [
          29.0239306,
          40.9832946
        ]
      },
      "id": "node/11026353639"
    },
    {
      "type": "Feature",
      "properties": {
        "@id": "node/11026362352",
        "amenity": "cafe",
        "name": "Cafe Baba Vanga"
      },
      "geometry": {
        "type": "Point",
        "coordinates": [
          29.0234032,
          40.9841715
        ]
      },
      "id": "node/11026362352"
    },
    {
      "type": "Feature",
      "properties": {
        "@id": "node/11026376009",
        "amenity": "cafe",
        "name": "G&O Juliet"
      },
      "geometry": {
        "type": "Point",
        "coordinates": [
          29.0296647,
          40.9955856
        ]
      },
      "id": "node/11026376009"
    },
    {
      "type": "Feature",
      "properties": {
        "@id": "node/11026376667",
        "amenity": "cafe",
        "name": "Hadig"
      },
      "geometry": {
        "type": "Point",
        "coordinates": [
          29.0297525,
          40.9955939
        ]
      },
      "id": "node/11026376667"
    },
    {
      "type": "Feature",
      "properties": {
        "@id": "node/11031503134",
        "amenity": "cafe",
        "name": "Düş Bahçesi",
        "outdoor_seating": "yes"
      },
      "geometry": {
        "type": "Point",
        "coordinates": [
          29.0356406,
          40.9986232
        ]
      },
      "id": "node/11031503134"
    },
    {
      "type": "Feature",
      "properties": {
        "@id": "node/11033236640",
        "amenity": "cafe",
        "name": "Ekol Hatay Künefe",
        "website": "https://ekolkunefe.com/"
      },
      "geometry": {
        "type": "Point",
        "coordinates": [
          29.0320814,
          41.0177814
        ]
      },
      "id": "node/11033236640"
    },
    {
      "type": "Feature",
      "properties": {
        "@id": "node/11042848073",
        "amenity": "cafe",
        "name": "Niarmena"
      },
      "geometry": {
        "type": "Point",
        "coordinates": [
          29.028939,
          40.9956448
        ]
      },
      "id": "node/11042848073"
    },
    {
      "type": "Feature",
      "properties": {
        "@id": "node/11058175305",
        "amenity": "cafe",
        "name:en": "Limonatta Kalamis"
      },
      "geometry": {
        "type": "Point",
        "coordinates": [
          29.041405,
          40.9783255
        ]
      },
      "id": "node/11058175305"
    },
    {
      "type": "Feature",
      "properties": {
        "@id": "node/11092475457",
        "amenity": "cafe",
        "name": "BKM Mutfak"
      },
      "geometry": {
        "type": "Point",
        "coordinates": [
          29.0266479,
          40.986498
        ]
      },
      "id": "node/11092475457"
    },
    {
      "type": "Feature",
      "properties": {
        "@id": "node/11092485448",
        "amenity": "cafe",
        "name": "Felicita Cafe"
      },
      "geometry": {
        "type": "Point",
        "coordinates": [
          29.0260868,
          40.9869708
        ]
      },
      "id": "node/11092485448"
    },
    {
      "type": "Feature",
      "properties": {
        "@id": "node/11092491557",
        "amenity": "cafe",
        "name": "Sadık Paşa Konak Cafe"
      },
      "geometry": {
        "type": "Point",
        "coordinates": [
          29.0262988,
          40.986918
        ]
      },
      "id": "node/11092491557"
    },
    {
      "type": "Feature",
      "properties": {
        "@id": "node/11112893749",
        "amenity": "cafe",
        "name": "Küçük Çamlıca Hancı Aile Çay Bahçesi"
      },
      "geometry": {
        "type": "Point",
        "coordinates": [
          29.0628446,
          41.0160044
        ]
      },
      "id": "node/11112893749"
    },
    {
      "type": "Feature",
      "properties": {
        "@id": "node/11128220905",
        "addr:city": "İstanbul",
        "addr:district": "Üsküdar",
        "addr:housenumber": "154",
        "addr:neighbourhood": "Acıbadem Mahallesi",
        "addr:postcode": "34660",
        "addr:street": "Acıbadem Caddesi",
        "amenity": "cafe",
        "name": "Kukis",
        "website": "https://kukis.com.tr"
      },
      "geometry": {
        "type": "Point",
        "coordinates": [
          29.0497777,
          41.0076879
        ]
      },
      "id": "node/11128220905"
    },
    {
      "type": "Feature",
      "properties": {
        "@id": "node/11128378527",
        "amenity": "cafe",
        "name": "Kukis Bahçe"
      },
      "geometry": {
        "type": "Point",
        "coordinates": [
          29.0498748,
          41.0078113
        ]
      },
      "id": "node/11128378527"
    },
    {
      "type": "Feature",
      "properties": {
        "@id": "node/11135029505",
        "addr:housenumber": "1B",
        "addr:postcode": "34710",
        "addr:street": "Ruşen Ağa Sokağı",
        "amenity": "cafe",
        "name": "Potage Moda (soups)",
        "name:ru": "Potage Moda"
      },
      "geometry": {
        "type": "Point",
        "coordinates": [
          29.0265632,
          40.9849415
        ]
      },
      "id": "node/11135029505"
    },
    {
      "type": "Feature",
      "properties": {
        "@id": "node/11139032784",
        "addr:city": "İstanbul",
        "addr:district": "Kadıköy",
        "addr:housenumber": "198",
        "addr:neighbourhood": "Fenerbahçe Mahallesi",
        "addr:postcode": "34726",
        "addr:street": "Bağdat Caddesi",
        "amenity": "cafe",
        "opening_hours": "09:00 - 00:00",
        "website": "https://www.aesthete.com.tr"
      },
      "geometry": {
        "type": "Point",
        "coordinates": [
          29.0527655,
          40.9750328
        ]
      },
      "id": "node/11139032784"
    },
    {
      "type": "Feature",
      "properties": {
        "@id": "node/11153513303",
        "amenity": "cafe",
        "name": "Kahve Köşesi"
      },
      "geometry": {
        "type": "Point",
        "coordinates": [
          29.0250266,
          40.9887525
        ]
      },
      "id": "node/11153513303"
    },
    {
      "type": "Feature",
      "properties": {
        "@id": "node/11212785439",
        "amenity": "cafe",
        "name": "Story Coffee & Roastery"
      },
      "geometry": {
        "type": "Point",
        "coordinates": [
          29.0317094,
          40.9940509
        ]
      },
      "id": "node/11212785439"
    },
    {
      "type": "Feature",
      "properties": {
        "@id": "node/11212787839",
        "amenity": "cafe",
        "name": "Klar Coffee Roastery"
      },
      "geometry": {
        "type": "Point",
        "coordinates": [
          29.0399341,
          40.9824172
        ]
      },
      "id": "node/11212787839"
    },
    {
      "type": "Feature",
      "properties": {
        "@id": "node/11212796837",
        "amenity": "cafe",
        "name": "Null Coffee Roasters"
      },
      "geometry": {
        "type": "Point",
        "coordinates": [
          29.0353037,
          40.9979432
        ]
      },
      "id": "node/11212796837"
    },
    {
      "type": "Feature",
      "properties": {
        "@id": "node/11235293337",
        "amenity": "cafe",
        "check_date": "2023-11-21",
        "cuisine": "coffee_shop",
        "internet_access": "wlan",
        "name": "Doz Roastery",
        "opening_hours": "Mo-Fr 08:00-22:00; Su 08:00-22:00; Sa 10:00-22:00",
        "phone": "05377728243",
        "website": "https://doz.coffee/"
      },
      "geometry": {
        "type": "Point",
        "coordinates": [
          29.0326341,
          40.9828438
        ]
      },
      "id": "node/11235293337"
    },
    {
      "type": "Feature",
      "properties": {
        "@id": "node/11244263037",
        "amenity": "cafe",
        "cuisine": "coffee_shop",
        "name": "archivo",
        "name:en": "Tchibo"
      },
      "geometry": {
        "type": "Point",
        "coordinates": [
          29.0285692,
          40.987319
        ]
      },
      "id": "node/11244263037"
    },
    {
      "type": "Feature",
      "properties": {
        "@id": "node/11247502465",
        "amenity": "cafe",
        "check_date": "2023-10-08",
        "level": "0",
        "name": "Aren",
        "name:tr": "Aren",
        "outdoor_seating": "yes"
      },
      "geometry": {
        "type": "Point",
        "coordinates": [
          29.0297469,
          40.9891815
        ]
      },
      "id": "node/11247502465"
    },
    {
      "type": "Feature",
      "properties": {
        "@id": "node/11248447737",
        "amenity": "cafe",
        "cuisine": "cake;coffee_shop",
        "internet_access": "wlan",
        "name": "Coffee Pots"
      },
      "geometry": {
        "type": "Point",
        "coordinates": [
          29.0250249,
          40.9887362
        ]
      },
      "id": "node/11248447737"
    },
    {
      "type": "Feature",
      "properties": {
        "@id": "node/11254547237",
        "amenity": "cafe",
        "cuisine": "coffee_shop",
        "internet_access": "wlan",
        "name": "Whispers Coffee",
        "opening_hours": "Mo-Th 09:00-23:00; Fr-Sa 09:00-00:00; Su 10:00-23:00",
        "phone": "+902164181180"
      },
      "geometry": {
        "type": "Point",
        "coordinates": [
          29.0257843,
          40.987625
        ]
      },
      "id": "node/11254547237"
    },
    {
      "type": "Feature",
      "properties": {
        "@id": "node/11263848862",
        "amenity": "cafe",
        "check_date": "2023-10-15",
        "cuisine": "coffee_shop",
        "level": "0",
        "name": "Kurgu",
        "name:tr": "Kurgu"
      },
      "geometry": {
        "type": "Point",
        "coordinates": [
          29.0316528,
          40.9874087
        ]
      },
      "id": "node/11263848862"
    },
    {
      "type": "Feature",
      "properties": {
        "@id": "node/11269772169",
        "amenity": "cafe",
        "name": "matto"
      },
      "geometry": {
        "type": "Point",
        "coordinates": [
          29.0244912,
          40.9815453
        ]
      },
      "id": "node/11269772169"
    },
    {
      "type": "Feature",
      "properties": {
        "@id": "node/11296150914",
        "amenity": "cafe",
        "name": "Emsalsiz"
      },
      "geometry": {
        "type": "Point",
        "coordinates": [
          29.0271209,
          40.9899543
        ]
      },
      "id": "node/11296150914"
    },
    {
      "type": "Feature",
      "properties": {
        "@id": "node/11296158243",
        "addr:floor": "0",
        "amenity": "cafe",
        "check_date": "2025-05-19",
        "level": "0",
        "name": "Bi Kahve Molası & Kahvaltı",
        "payment:cash": "yes",
        "payment:credit_cards": "yes",
        "payment:debit_cards": "yes",
        "wheelchair": "limited"
      },
      "geometry": {
        "type": "Point",
        "coordinates": [
          29.0270237,
          40.9897503
        ]
      },
      "id": "node/11296158243"
    },
    {
      "type": "Feature",
      "properties": {
        "@id": "node/11296173794",
        "amenity": "cafe",
        "name": "Munzur Cafe"
      },
      "geometry": {
        "type": "Point",
        "coordinates": [
          29.0269491,
          40.9890961
        ]
      },
      "id": "node/11296173794"
    },
    {
      "type": "Feature",
      "properties": {
        "@id": "node/11362638734",
        "addr:city": "İstanbul",
        "addr:district": "Üsküdar",
        "addr:housenumber": "135",
        "addr:neighbourhood": "Acıbadem Mahallesi",
        "addr:postcode": "34660",
        "addr:street": "Acıbadem Caddesi",
        "amenity": "cafe",
        "name": "Monstera Coffee Company",
        "website": "https://menum.co/MONSTERA-COFFEE-COMPANY"
      },
      "geometry": {
        "type": "Point",
        "coordinates": [
          29.0505963,
          41.009281
        ]
      },
      "id": "node/11362638734"
    },
    {
      "type": "Feature",
      "properties": {
        "@id": "node/11366085104",
        "amenity": "cafe",
        "check_date": "2023-11-20",
        "name": "QahWah"
      },
      "geometry": {
        "type": "Point",
        "coordinates": [
          29.0246698,
          40.9903292
        ]
      },
      "id": "node/11366085104"
    },
    {
      "type": "Feature",
      "properties": {
        "@id": "node/11366737593",
        "amenity": "cafe",
        "check_date": "2023-11-21",
        "name": "Yuzu"
      },
      "geometry": {
        "type": "Point",
        "coordinates": [
          29.0294101,
          40.9840919
        ]
      },
      "id": "node/11366737593"
    },
    {
      "type": "Feature",
      "properties": {
        "@id": "node/11366813870",
        "amenity": "cafe",
        "check_date": "2023-11-21",
        "cuisine": "coffee_shop"
      },
      "geometry": {
        "type": "Point",
        "coordinates": [
          29.0329936,
          40.983932
        ]
      },
      "id": "node/11366813870"
    },
    {
      "type": "Feature",
      "properties": {
        "@id": "node/11366813871",
        "amenity": "cafe",
        "check_date": "2023-11-21",
        "cuisine": "coffee_shop",
        "name": "L'espressoul"
      },
      "geometry": {
        "type": "Point",
        "coordinates": [
          29.0330666,
          40.9854169
        ]
      },
      "id": "node/11366813871"
    },
    {
      "type": "Feature",
      "properties": {
        "@id": "node/11368473754",
        "amenity": "cafe",
        "check_date": "2023-11-22",
        "cuisine": "coffee_shop",
        "name": "Vapaus coffee"
      },
      "geometry": {
        "type": "Point",
        "coordinates": [
          29.0281697,
          40.9862947
        ]
      },
      "id": "node/11368473754"
    },
    {
      "type": "Feature",
      "properties": {
        "@id": "node/11368894016",
        "addr:city": "İstanbul",
        "addr:district": "Kadıköy",
        "addr:neighbourhood": "Caferağa",
        "addr:postcode": "34710",
        "amenity": "cafe",
        "brand": "Kahve Dünyası",
        "brand:wikidata": "Q28008050",
        "check_date:opening_hours": "2025-02-24",
        "cuisine": "coffee_shop",
        "email": "kutuphanemuzeler@ibb.gov.tr",
        "internet_access": "yes",
        "name": "Kahve Dünyası",
        "opening_hours": "09:00-22:00",
        "phone": "+90 212 333 5287",
        "start_date": "2023",
        "takeaway": "yes",
        "website": "https://ataturkkitapligi.ibb.gov.tr/tr/Kitaplik/Kutuphanelerimiz/IBB-Kadikoy-Iskele-Kutuphanesi-/66"
      },
      "geometry": {
        "type": "Point",
        "coordinates": [
          29.0229646,
          40.9928216
        ]
      },
      "id": "node/11368894016"
    },
    {
      "type": "Feature",
      "properties": {
        "@id": "node/11373247009",
        "amenity": "cafe",
        "check_date": "2023-11-24",
        "cuisine": "coffee_shop",
        "name": "Mod"
      },
      "geometry": {
        "type": "Point",
        "coordinates": [
          29.0278138,
          40.9853903
        ]
      },
      "id": "node/11373247009"
    },
    {
      "type": "Feature",
      "properties": {
        "@id": "node/11379060428",
        "amenity": "cafe",
        "check_date": "2023-11-27",
        "contact:website": "https://qr.finedinemenu.com/zVGnaLlpd0",
        "cuisine": "coffee_shop",
        "name": "Lil bake"
      },
      "geometry": {
        "type": "Point",
        "coordinates": [
          29.0313258,
          40.9872801
        ]
      },
      "id": "node/11379060428"
    },
    {
      "type": "Feature",
      "properties": {
        "@id": "node/11381891826",
        "addr:city": "İstanbul",
        "addr:district": "Kadıköy",
        "addr:housenumber": "81",
        "addr:neighbourhood": "Caferağa Mahallesi",
        "addr:postcode": "34710",
        "addr:street": "General Asım Gündüz Caddesi",
        "amenity": "cafe",
        "check_date": "2023-11-29",
        "description": "Milkshake bar",
        "image": "https://static.wixstatic.com/media/79ee85_e3dca03f55aa4d9389c40109e924fedb~mv2_d_4032_3024_s_4_2.jpg/v1/fill/w_792,h_487,al_tr,q_85,usm_0.66_1.00_0.01,enc_auto/79ee85_e3dca03f55aa4d9389c40109e924fedb~mv2_d_4032_3024_s_4_2.jpg",
        "name": "The Crazy Company",
        "website": "https://www.thecrazycompany.com"
      },
      "geometry": {
        "type": "Point",
        "coordinates": [
          29.0277126,
          40.9844057
        ]
      },
      "id": "node/11381891826"
    },
    {
      "type": "Feature",
      "properties": {
        "@id": "node/11381893120",
        "amenity": "cafe",
        "check_date": "2023-11-28",
        "cuisine": "coffee_shop",
        "name": "Stand by coffee"
      },
      "geometry": {
        "type": "Point",
        "coordinates": [
          29.0280207,
          40.9843586
        ]
      },
      "id": "node/11381893120"
    },
    {
      "type": "Feature",
      "properties": {
        "@id": "node/11381893121",
        "amenity": "cafe",
        "check_date": "2023-11-28",
        "cuisine": "coffee_shop",
        "name": "Coffy"
      },
      "geometry": {
        "type": "Point",
        "coordinates": [
          29.0268509,
          40.98449
        ]
      },
      "id": "node/11381893121"
    },
    {
      "type": "Feature",
      "properties": {
        "@id": "node/11420990969",
        "addr:housenumber": "57",
        "addr:postcode": "34668",
        "addr:street": "Şerif Kuyusu Sokağı",
        "amenity": "cafe",
        "cuisine": "breakfast;coffee_shop",
        "diet:vegan": "yes",
        "diet:vegetarian": "yes",
        "name": "Nevmekan Selimiye",
        "opening_hours": "Mo-Su 09:30-23:00",
        "phone": "+90 216 531 30 00",
        "website": "https://tesislerimiz.uskudar.bel.tr/tr/main/pages/nevmekan-selimiye/156"
      },
      "geometry": {
        "type": "Point",
        "coordinates": [
          29.016685,
          41.0102565
        ]
      },
      "id": "node/11420990969"
    },
    {
      "type": "Feature",
      "properties": {
        "@id": "node/11521945474",
        "amenity": "cafe"
      },
      "geometry": {
        "type": "Point",
        "coordinates": [
          29.0235351,
          41.0190049
        ]
      },
      "id": "node/11521945474"
    },
    {
      "type": "Feature",
      "properties": {
        "@id": "node/11608239847",
        "amenity": "cafe",
        "name": "Boni Coffee"
      },
      "geometry": {
        "type": "Point",
        "coordinates": [
          29.0298476,
          40.9957289
        ]
      },
      "id": "node/11608239847"
    },
    {
      "type": "Feature",
      "properties": {
        "@id": "node/11672243869",
        "addr:housenumber": "5",
        "addr:postcode": "34718",
        "addr:street": "Mehmet Akman Sokağı",
        "amenity": "cafe",
        "name": "Expressolab Koşuyolu",
        "website": "https://www.espressolab.com/subeler/kosuyolu/"
      },
      "geometry": {
        "type": "Point",
        "coordinates": [
          29.0411541,
          41.0093874
        ]
      },
      "id": "node/11672243869"
    },
    {
      "type": "Feature",
      "properties": {
        "@id": "node/11786798169",
        "addr:postcode": "34668",
        "addr:street": "Üsküdar Harem Sahil Yolu",
        "amenity": "cafe",
        "name": "S.S. Üsküdar Su Ürünleri Kooperatifi",
        "name:en": "S. S. Uskudar Fisheries Cooperative"
      },
      "geometry": {
        "type": "Point",
        "coordinates": [
          29.0084261,
          41.0180005
        ]
      },
      "id": "node/11786798169"
    },
    {
      "type": "Feature",
      "properties": {
        "@id": "node/11841371779",
        "addr:housenumber": "29",
        "addr:postcode": "34716",
        "addr:street": "Karakolhane Caddesi",
        "amenity": "cafe",
        "cuisine": "coffee_shop;tea",
        "internet_access": "wlan",
        "name:fr": "Leke",
        "opening_hours": "Mo-Su 08:30-23:00",
        "phone": "+90 537 923 37 57",
        "website": "https://hatrivar.dslink.co/"
      },
      "geometry": {
        "type": "Point",
        "coordinates": [
          29.0294155,
          40.9948777
        ]
      },
      "id": "node/11841371779"
    },
    {
      "type": "Feature",
      "properties": {
        "@id": "node/11842015272",
        "amenity": "cafe",
        "name": "23 Society"
      },
      "geometry": {
        "type": "Point",
        "coordinates": [
          29.0307791,
          40.9890094
        ]
      },
      "id": "node/11842015272"
    },
    {
      "type": "Feature",
      "properties": {
        "@id": "node/11898260776",
        "addr:housenumber": "3/C",
        "addr:street": "Ruşen Ağa Sokağı",
        "amenity": "cafe",
        "cuisine": "breakfast",
        "name": "700 GRAM",
        "opening_hours": "Mo-Su 09:00-22:00",
        "phone": "+90 216 336 2366"
      },
      "geometry": {
        "type": "Point",
        "coordinates": [
          29.0264946,
          40.9848283
        ]
      },
      "id": "node/11898260776"
    },
    {
      "type": "Feature",
      "properties": {
        "@id": "node/11915696569",
        "addr:housenumber": "35",
        "addr:street": "Şair Latifi Sokağı",
        "amenity": "cafe",
        "cuisine": "breakfast;coffee_shop;turkish",
        "name:en": "Sofa",
        "opening_hours": "Mo-Su 10:00-22:00"
      },
      "geometry": {
        "type": "Point",
        "coordinates": [
          29.0289829,
          40.9842648
        ]
      },
      "id": "node/11915696569"
    },
    {
      "type": "Feature",
      "properties": {
        "@id": "node/11935201882",
        "addr:city": "İstanbul",
        "addr:district": "Kadıköy",
        "addr:housenumber": "19d",
        "addr:neighbourhood": "Rasimpaşa Mahallesi",
        "addr:postcode": "34716",
        "addr:street": "Celal Muhtar Sokağı",
        "amenity": "cafe",
        "cuisine": "breakfast;turkish;tea",
        "internet_access": "wlan",
        "level": "0",
        "name": "Sonne",
        "opening_hours": "We-Mo 09:00-18:00",
        "outdoor_seating": "yes",
        "toilets": "yes",
        "website": "https://www.instagram.com/sonne_cafe/"
      },
      "geometry": {
        "type": "Point",
        "coordinates": [
          29.0303602,
          40.9947928
        ]
      },
      "id": "node/11935201882"
    },
    {
      "type": "Feature",
      "properties": {
        "@id": "node/12073312769",
        "amenity": "cafe",
        "name": "Dayz coffee"
      },
      "geometry": {
        "type": "Point",
        "coordinates": [
          29.0615624,
          40.9780505
        ]
      },
      "id": "node/12073312769"
    },
    {
      "type": "Feature",
      "properties": {
        "@id": "node/12182295601",
        "addr:city": "İstanbul",
        "addr:district": "Kadikoy",
        "addr:housenumber": "7/A",
        "addr:neighbourhood": "Acıbadem",
        "addr:street": "Sarayardı Caddesi",
        "amenity": "cafe",
        "cuisine": "coffee_shop;waffle",
        "name": "leza waffle coffee"
      },
      "geometry": {
        "type": "Point",
        "coordinates": [
          29.0336705,
          40.9976376
        ]
      },
      "id": "node/12182295601"
    },
    {
      "type": "Feature",
      "properties": {
        "@id": "node/12270656701",
        "addr:housenumber": "56c",
        "addr:street": "Nüzhet Efendi Sokağı",
        "amenity": "cafe",
        "cuisine": "breakfast;turkish",
        "name": "Cafe Neva"
      },
      "geometry": {
        "type": "Point",
        "coordinates": [
          29.0267322,
          40.9939341
        ]
      },
      "id": "node/12270656701"
    },
    {
      "type": "Feature",
      "properties": {
        "@id": "node/12292422601",
        "addr:street": "Kurbağalıdere Caddesi",
        "amenity": "cafe",
        "cuisine": "coffee_shop",
        "internet_access": "wlan",
        "name": "Dozze",
        "opening_hours": "Mo-Su 08:00-01:30"
      },
      "geometry": {
        "type": "Point",
        "coordinates": [
          29.0381953,
          40.9944529
        ]
      },
      "id": "node/12292422601"
    },
    {
      "type": "Feature",
      "properties": {
        "@id": "node/12337251132",
        "amenity": "cafe",
        "check_date": "2024-11-13",
        "name": "Rana"
      },
      "geometry": {
        "type": "Point",
        "coordinates": [
          29.0525963,
          40.9948282
        ]
      },
      "id": "node/12337251132"
    },
    {
      "type": "Feature",
      "properties": {
        "@id": "node/12347459459",
        "addr:housenumber": "6",
        "addr:street": "Kıvanç Sokağı",
        "amenity": "cafe",
        "check_date": "2024-11-17",
        "level": "0",
        "name": "Ceyar",
        "name:tr": "Ceyar"
      },
      "geometry": {
        "type": "Point",
        "coordinates": [
          29.0285326,
          40.9922771
        ]
      },
      "id": "node/12347459459"
    },
    {
      "type": "Feature",
      "properties": {
        "@id": "node/12347753399",
        "amenity": "cafe",
        "name": "Kompartıman"
      },
      "geometry": {
        "type": "Point",
        "coordinates": [
          29.0285387,
          40.9963815
        ]
      },
      "id": "node/12347753399"
    },
    {
      "type": "Feature",
      "properties": {
        "@id": "node/12351465787",
        "addr:housenumber": "6",
        "addr:street": "Kıvanç Sokağı",
        "amenity": "cafe",
        "check_date": "2024-11-18",
        "level": "0",
        "name": "Forchetta Plus",
        "outdoor_seating": "yes",
        "wheelchair": "no"
      },
      "geometry": {
        "type": "Point",
        "coordinates": [
          29.0285028,
          40.9922942
        ]
      },
      "id": "node/12351465787"
    },
    {
      "type": "Feature",
      "properties": {
        "@id": "node/12433958161",
        "addr:city": "İstanbul",
        "addr:district": "Kadıköy",
        "addr:neighbourhood": "Göztepe",
        "addr:postcode": "34730",
        "addr:street": "Pınar Sokağı",
        "amenity": "cafe",
        "cuisine": "coffee_shop",
        "outdoor_seating": "yes"
      },
      "geometry": {
        "type": "Point",
        "coordinates": [
          29.0604333,
          40.9810228
        ]
      },
      "id": "node/12433958161"
    },
    {
      "type": "Feature",
      "properties": {
        "@id": "node/12451478737",
        "amenity": "cafe",
        "brand": "Kahve Dünyası",
        "brand:wikidata": "Q28008050",
        "cuisine": "coffee_shop",
        "name": "Kahve Dünyası",
        "takeaway": "yes"
      },
      "geometry": {
        "type": "Point",
        "coordinates": [
          29.0411926,
          40.9821753
        ]
      },
      "id": "node/12451478737"
    },
    {
      "type": "Feature",
      "properties": {
        "@id": "node/12486815670",
        "amenity": "cafe",
        "name": "Babil"
      },
      "geometry": {
        "type": "Point",
        "coordinates": [
          29.0278998,
          40.9887281
        ]
      },
      "id": "node/12486815670"
    },
    {
      "type": "Feature",
      "properties": {
        "@id": "node/12486828459",
        "amenity": "cafe",
        "name": "Pablo Artisan Coffee"
      },
      "geometry": {
        "type": "Point",
        "coordinates": [
          29.0235749,
          40.9891496
        ]
      },
      "id": "node/12486828459"
    },
    {
      "type": "Feature",
      "properties": {
        "@id": "node/12486830612",
        "amenity": "cafe",
        "name": "Arkadaş"
      },
      "geometry": {
        "type": "Point",
        "coordinates": [
          29.027972,
          40.9887979
        ]
      },
      "id": "node/12486830612"
    },
    {
      "type": "Feature",
      "properties": {
        "@id": "node/12533472701",
        "amenity": "cafe",
        "name": "Kemal Usta Waffles",
        "outdoor_seating": "no"
      },
      "geometry": {
        "type": "Point",
        "coordinates": [
          29.0230978,
          40.9812448
        ]
      },
      "id": "node/12533472701"
    },
    {
      "type": "Feature",
      "properties": {
        "@id": "node/12666566962",
        "amenity": "cafe",
        "name": "Bulvar Cafe"
      },
      "geometry": {
        "type": "Point",
        "coordinates": [
          29.0763088,
          41.0049038
        ]
      },
      "id": "node/12666566962"
    },
    {
      "type": "Feature",
      "properties": {
        "@id": "node/12666709780",
        "amenity": "cafe",
        "name": "Caffee & More Take Away"
      },
      "geometry": {
        "type": "Point",
        "coordinates": [
          29.0760871,
          41.0022198
        ]
      },
      "id": "node/12666709780"
    },
    {
      "type": "Feature",
      "properties": {
        "@id": "node/12666735717",
        "amenity": "cafe",
        "branch": "Dondurma",
        "brand": "Mado",
        "brand:wikidata": "Q17116336",
        "cuisine": "coffee_shop",
        "name": "Mado",
        "takeaway": "yes"
      },
      "geometry": {
        "type": "Point",
        "coordinates": [
          29.0719759,
          41.0037044
        ]
      },
      "id": "node/12666735717"
    },
    {
      "type": "Feature",
      "properties": {
        "@id": "node/12666752666",
        "amenity": "cafe",
        "brand": "Starbucks",
        "brand:wikidata": "Q37158",
        "cuisine": "coffee_shop",
        "name": "Starbucks",
        "official_name": "Starbucks Coffee",
        "takeaway": "yes"
      },
      "geometry": {
        "type": "Point",
        "coordinates": [
          29.0719828,
          41.0038446
        ]
      },
      "id": "node/12666752666"
    },
    {
      "type": "Feature",
      "properties": {
        "@id": "node/12666754311",
        "amenity": "cafe",
        "name": "Camii Çay Evi"
      },
      "geometry": {
        "type": "Point",
        "coordinates": [
          29.0749918,
          41.0055359
        ]
      },
      "id": "node/12666754311"
    },
    {
      "type": "Feature",
      "properties": {
        "@id": "node/12747210350",
        "addr:neighbourhood": "Altunizade Mahallesi",
        "amenity": "cafe",
        "brand": "Starbucks",
        "brand:wikidata": "Q37158",
        "cuisine": "coffee_shop",
        "internet_access": "yes",
        "name": "Starbucks",
        "official_name": "Starbucks Coffee",
        "opening_hours": "08:00-22:00",
        "takeaway": "yes"
      },
      "geometry": {
        "type": "Point",
        "coordinates": [
          29.0390201,
          41.0210431
        ]
      },
      "id": "node/12747210350"
    },
    {
      "type": "Feature",
      "properties": {
        "@id": "node/12828893875",
        "amenity": "cafe",
        "cuisine": "tea",
        "name": "Bulgurlu Kahvehanesi"
      },
      "geometry": {
        "type": "Point",
        "coordinates": [
          29.0709389,
          41.018805
        ]
      },
      "id": "node/12828893875"
    },
    {
      "type": "Feature",
      "properties": {
        "@id": "node/12832462208",
        "amenity": "cafe",
        "name": "Şeftali Cafe"
      },
      "geometry": {
        "type": "Point",
        "coordinates": [
          29.0711288,
          41.0186577
        ]
      },
      "id": "node/12832462208"
    },
    {
      "type": "Feature",
      "properties": {
        "@id": "node/12832464329",
        "amenity": "cafe",
        "name": "Sarıyer Börekçisi"
      },
      "geometry": {
        "type": "Point",
        "coordinates": [
          29.0748318,
          41.0162496
        ]
      },
      "id": "node/12832464329"
    },
    {
      "type": "Feature",
      "properties": {
        "@id": "node/12832490344",
        "amenity": "cafe",
        "name": "Bohoco Coffee"
      },
      "geometry": {
        "type": "Point",
        "coordinates": [
          29.0733062,
          41.016806
        ]
      },
      "id": "node/12832490344"
    },
    {
      "type": "Feature",
      "properties": {
        "@id": "node/12832493605",
        "amenity": "cafe",
        "cuisine": "tea",
        "name": "Marmara Kıraathanesi"
      },
      "geometry": {
        "type": "Point",
        "coordinates": [
          29.0748871,
          41.0162506
        ]
      },
      "id": "node/12832493605"
    },
    {
      "type": "Feature",
      "properties": {
        "@id": "node/12832496169",
        "amenity": "cafe"
      },
      "geometry": {
        "type": "Point",
        "coordinates": [
          29.073246,
          41.0168276
        ]
      },
      "id": "node/12832496169"
    },
    {
      "type": "Feature",
      "properties": {
        "@id": "node/12832851169",
        "amenity": "cafe",
        "name": "Meet2Talk Cafe"
      },
      "geometry": {
        "type": "Point",
        "coordinates": [
          29.0694081,
          41.019004
        ]
      },
      "id": "node/12832851169"
    },
    {
      "type": "Feature",
      "properties": {
        "@id": "node/12832924082",
        "amenity": "cafe",
        "name": "Cafe Luzz",
        "wheelchair": "limited"
      },
      "geometry": {
        "type": "Point",
        "coordinates": [
          29.0721847,
          41.017624
        ]
      },
      "id": "node/12832924082"
    },
    {
      "type": "Feature",
      "properties": {
        "@id": "node/12846702967",
        "addr:floor": "0",
        "amenity": "cafe",
        "brand": "Starbucks",
        "brand:wikidata": "Q37158",
        "check_date": "2025-05-18",
        "cuisine": "coffee_shop",
        "level": "0",
        "name": "Starbucks",
        "official_name": "Starbucks Coffee",
        "payment:cash": "yes",
        "payment:credit_cards": "yes",
        "payment:debit_cards": "yes",
        "takeaway": "yes",
        "wheelchair": "yes"
      },
      "geometry": {
        "type": "Point",
        "coordinates": [
          29.0358376,
          40.9930329
        ]
      },
      "id": "node/12846702967"
    },
    {
      "type": "Feature",
      "properties": {
        "@id": "node/12848964452",
        "addr:floor": "0",
        "amenity": "cafe",
        "brand": "Caribou Coffee",
        "brand:wikidata": "Q5039494",
        "check_date": "2025-05-19",
        "cuisine": "coffee_shop",
        "level": "0",
        "name": "Caribou Coffee",
        "payment:cash": "yes",
        "payment:credit_cards": "yes",
        "payment:debit_cards": "yes",
        "takeaway": "yes",
        "wheelchair": "yes"
      },
      "geometry": {
        "type": "Point",
        "coordinates": [
          29.0280355,
          40.9801496
        ]
      },
      "id": "node/12848964452"
    },
    {
      "type": "Feature",
      "properties": {
        "@id": "node/12901882601",
        "addr:housenumber": "50 A",
        "addr:postcode": "34716",
        "addr:street": "Recaizade Sokağı",
        "amenity": "cafe",
        "contact:instagram": "flakebreakfast",
        "cuisine": "breakfast;turkish",
        "email": "hello@flakebreakfast.com",
        "internet_access": "wlan",
        "level": "1",
        "name": "Flake Breakfast & More",
        "name:en": "Flake Breakfast & More",
        "opening_hours": "Tu-Su 09:00-19:00",
        "outdoor_seating": "yes",
        "phone": "+905060403825",
        "website": "https://flakebreakfast.com/?fbclid=PAQ0xDSwLfJ01leHRuA2FlbQIxMQABp1mutfiW6LN1CBm5NLvShV80I4l7zex-R4CYH4T1yQkiHS3CRf-4bnKGmEwl_aem_wvhaE-qcpeGXb0LvyWC3Dw"
      },
      "geometry": {
        "type": "Point",
        "coordinates": [
          29.0288388,
          40.9940381
        ]
      },
      "id": "node/12901882601"
    },
    {
      "type": "Feature",
      "properties": {
        "@id": "node/12912486688",
        "addr:city": "İstanbul",
        "addr:district": "Kadıköy",
        "addr:housenumber": "84",
        "addr:neighbourhood": "Göztepe Mahallesi",
        "addr:postcode": "34730",
        "addr:street": "Tütüncü Mehmet Efendi Caddesi",
        "amenity": "cafe",
        "brand": "Starbucks",
        "brand:wikidata": "Q37158",
        "cuisine": "coffee_shop",
        "internet_access": "yes",
        "internet_access:fee": "no",
        "name": "Starbucks",
        "official_name": "Starbucks Coffee",
        "opening_hours": "Mo-Su 07:00-23:30",
        "takeaway": "yes",
        "website": "https://starbucks.com.tr"
      },
      "geometry": {
        "type": "Point",
        "coordinates": [
          29.0673128,
          40.9795151
        ]
      },
      "id": "node/12912486688"
    },
    {
      "type": "Feature",
      "properties": {
        "@id": "node/13063412126",
        "amenity": "cafe",
        "name": "Kendisibir Mekan"
      },
      "geometry": {
        "type": "Point",
        "coordinates": [
          29.0182371,
          41.0113584
        ]
      },
      "id": "node/13063412126"
    },
    {
      "type": "Feature",
      "properties": {
        "@id": "node/13063412128",
        "amenity": "cafe",
        "name": "Terra Pasta & Cafe"
      },
      "geometry": {
        "type": "Point",
        "coordinates": [
          29.0184183,
          41.0112754
        ]
      },
      "id": "node/13063412128"
    },
    {
      "type": "Feature",
      "properties": {
        "@id": "node/13071590855",
        "addr:city": "İstanbul",
        "addr:district": "Kadıköy",
        "addr:housenumber": "2C",
        "addr:neighbourhood": "Caferağa Mahallesi",
        "addr:postcode": "34710",
        "addr:street": "Osman Zeki Üngör Sokağı",
        "amenity": "cafe",
        "name": "Ohayo Matcha Bar",
        "opening_hours": "Mo-Su 10:00-23:00",
        "outdoor_seating": "yes",
        "phone": "+90 545 969 2270"
      },
      "geometry": {
        "type": "Point",
        "coordinates": [
          29.0229185,
          40.9811622
        ]
      },
      "id": "node/13071590855"
    },
    {
      "type": "Feature",
      "properties": {
        "@id": "node/13071590856",
        "addr:city": "İstanbul",
        "addr:district": "Kadıköy",
        "addr:housenumber": "1",
        "addr:neighbourhood": "Caferağa Mahallesi",
        "addr:postcode": "34710",
        "addr:street": "Şinasi Efendi Sokağı",
        "amenity": "cafe",
        "cuisine": "japanese",
        "name": "Taico",
        "opening_hours": "Mo-Fr 12:00-23:00; Sa-Su 12:00-00:00",
        "outdoor_seating": "yes",
        "phone": "+90 531 523 5451"
      },
      "geometry": {
        "type": "Point",
        "coordinates": [
          29.0241586,
          40.9817694
        ]
      },
      "id": "node/13071590856"
    },
    {
      "type": "Feature",
      "properties": {
        "@id": "node/13081919067",
        "addr:city": "İstanbul",
        "addr:district": "Kadıköy",
        "addr:neighbourhood": "Fikirtepe",
        "addr:postcode": "34720",
        "addr:street": "Yıldırım Sokağı / Fortis Sinanlı",
        "amenity": "cafe",
        "check_date": "2025-08-19",
        "delivery": "no",
        "level": "1",
        "name": "Rainbow Kids Cafe",
        "opening_hours": "Tu-Fr 11:00-21:00; Sa-Su 12:00-20:00",
        "outdoor_seating": "no",
        "payment:credit_cards": "yes",
        "payment:debit_cards": "yes",
        "phone": "+90 543 714 39 45"
      },
      "geometry": {
        "type": "Point",
        "coordinates": [
          29.0482391,
          40.9934413
        ]
      },
      "id": "node/13081919067"
    },
    {
      "type": "Feature",
      "properties": {
        "@id": "node/13127890502",
        "addr:housenumber": "176",
        "addr:street": "Moda Caddesi",
        "amenity": "cafe",
        "name": "Books & Coffee"
      },
      "geometry": {
        "type": "Point",
        "coordinates": [
          29.0228951,
          40.9816582
        ]
      },
      "id": "node/13127890502"
    },
    {
      "type": "Feature",
      "properties": {
        "@id": "node/13169113219",
        "addr:city": "İstanbul",
        "addr:district": "Kadıköy",
        "addr:housenumber": "66",
        "addr:neighbourhood": "Caferağa",
        "addr:postcode": "34710",
        "addr:street": "Rıhtım Caddesi",
        "amenity": "cafe",
        "cuisine": "sandwich;pizza;bubble_tea;noodle;sushi;tea;chicken",
        "internet_access": "wired",
        "internet_access:fee": "yes",
        "name": "OMBOR",
        "opening_hours": "Mo-Su 09:00-21:00",
        "outdoor_seating": "yes",
        "phone": "05343162898",
        "website": "https://www.omborkafe.com.tr"
      },
      "geometry": {
        "type": "Point",
        "coordinates": [
          29.0205425,
          40.9894342
        ]
      },
      "id": "node/13169113219"
    },
    {
      "type": "Feature",
      "properties": {
        "@id": "node/13275081289",
        "addr:floor": "0",
        "amenity": "cafe",
        "check_date": "2025-11-02",
        "cuisine": "coffee_shop",
        "level": "0",
        "name": "Mekan İyi Fikir",
        "name:tr": "Mekan İyi Fikir",
        "office": "coworking",
        "outdoor_seating": "yes"
      },
      "geometry": {
        "type": "Point",
        "coordinates": [
          29.0282762,
          40.9922169
        ]
      },
      "id": "node/13275081289"
    },
    {
      "type": "Feature",
      "properties": {
        "@id": "node/13279199576",
        "addr:floor": "0",
        "amenity": "cafe",
        "check_date": "2025-11-04",
        "cuisine": "coffee_shop;breakfast;turkish",
        "level": "0",
        "outdoor_seating": "yes",
        "payment:cash": "yes",
        "payment:credit_cards": "yes",
        "payment:debit_cards": "yes",
        "wheelchair": "yes"
      },
      "geometry": {
        "type": "Point",
        "coordinates": [
          29.0285336,
          40.9927822
        ]
      },
      "id": "node/13279199576"
    },
    {
      "type": "Feature",
      "properties": {
        "@id": "node/13290245384",
        "addr:floor": "0",
        "amenity": "cafe",
        "check_date": "2025-11-09",
        "contact:facebook": "https://www.facebook.com/vivicoffeeandchilling/",
        "contact:instagram": "https://www.instagram.com/vivi_chilling",
        "contact:whatsapp": "+905342093127",
        "cuisine": "breakfast",
        "level": "0",
        "name": "Vivi",
        "outdoor_seating": "yes",
        "website": "https://www.vivicoffeeandchiling.com/",
        "website:menu": "https://menum.co/Vivi-Coffee-and-Chilling"
      },
      "geometry": {
        "type": "Point",
        "coordinates": [
          29.0289766,
          40.9935587
        ]
      },
      "id": "node/13290245384"
    },
    {
      "type": "Feature",
      "properties": {
        "@id": "node/13321515242",
        "addr:city": "İstanbul",
        "addr:district": "Üsküdar",
        "addr:street": "Koşuyolu Caddesi",
        "amenity": "cafe",
        "name": "Kazıntı Cafe"
      },
      "geometry": {
        "type": "Point",
        "coordinates": [
          29.0385321,
          41.0109903
        ]
      },
      "id": "node/13321515242"
    },
    {
      "type": "Feature",
      "properties": {
        "@id": "node/13336365402",
        "addr:housenumber": "2 A",
        "addr:street": "Bedri Rahmi Eyüboğlu Sokağı",
        "amenity": "cafe",
        "name": "Coffee Kolf"
      },
      "geometry": {
        "type": "Point",
        "coordinates": [
          29.042027,
          40.9780873
        ]
      },
      "id": "node/13336365402"
    },
    {
      "type": "Feature",
      "properties": {
        "@id": "node/13444970390",
        "amenity": "cafe",
        "brand": "Kahve Dünyası",
        "brand:wikidata": "Q28008050",
        "cuisine": "coffee_shop",
        "name": "Kahve Dünyası",
        "takeaway": "yes"
      },
      "geometry": {
        "type": "Point",
        "coordinates": [
          29.0545144,
          41.0006505
        ]
      },
      "id": "node/13444970390"
    },
    {
      "type": "Feature",
      "properties": {
        "@id": "node/13470626800",
        "addr:city": "İstanbul",
        "addr:district": "Kadıköy",
        "addr:housenumber": "150",
        "addr:neighbourhood": "Osmanağa Mahallesi",
        "addr:postcode": "34714",
        "addr:street": "Söğütlüçeşme Caddesi",
        "amenity": "cafe",
        "name": "Florida Coffee",
        "website": "https://www.floridacoffee.com.tr"
      },
      "geometry": {
        "type": "Point",
        "coordinates": [
          29.0320478,
          40.9915295
        ]
      },
      "id": "node/13470626800"
    },
    {
      "type": "Feature",
      "properties": {
        "@id": "node/13470645171",
        "amenity": "cafe",
        "name": "Sütçüoğulları Muhallebicisi"
      },
      "geometry": {
        "type": "Point",
        "coordinates": [
          29.0320238,
          40.9917376
        ]
      },
      "id": "node/13470645171"
    },
    {
      "type": "Feature",
      "properties": {
        "@id": "node/13603023812",
        "amenity": "cafe",
        "cuisine": "turkish",
        "drink:coffee": "yes",
        "drink:turkish_coffee": "yes",
        "name": "Fazıl Bey'in Türk Kahvesi",
        "opening_hours": "Mo-Su 08:00-24:00",
        "outdoor_seating": "yes",
        "phone": "+9 0 216 4502870",
        "website": "https://www.fazilbey.com.tr/"
      },
      "geometry": {
        "type": "Point",
        "coordinates": [
          29.024756,
          40.9903913
        ]
      },
      "id": "node/13603023812"
    },
    {
      "type": "Feature",
      "properties": {
        "@id": "node/13607509168",
        "amenity": "cafe",
        "name": "Scald"
      },
      "geometry": {
        "type": "Point",
        "coordinates": [
          29.0298047,
          40.994487
        ]
      },
      "id": "node/13607509168"
    },
    {
      "type": "Feature",
      "properties": {
        "@id": "node/13626608715",
        "addr:floor": "0",
        "amenity": "cafe",
        "check_date": "2026-03-08",
        "level": "0",
        "name": "ARABICA Coffee House",
        "payment:cash": "yes",
        "payment:credit_cards": "yes",
        "payment:debit_cards": "yes",
        "wheelchair": "yes"
      },
      "geometry": {
        "type": "Point",
        "coordinates": [
          29.0373698,
          40.990466
        ]
      },
      "id": "node/13626608715"
    }
  ]
}